,Open,High,Low,Close,Volume,Dividends,Stock Splits
2019-12-19 09:15:00+05:30,,,,,,2.75,0
2020-05-05 09:15:00+05:30,,,,,,4.1,0
2020-08-05 09:15:00+05:30,,,,,,2.3,0
2020-12-18 09:15:00+05:30,242.8000030517578,242.89999389648438,232.39999389648438,234.3000030517578,1217582.0,0.0,0
2020-12-18 10:15:00+05:30,234.10000610351562,235.10000610351562,233.10000610351562,234.25,516263.0,0.0,0
2020-12-18 11:15:00+05:30,234.25,235.4499969482422,234.0,235.1999969482422,346174.0,0.0,0
2020-12-18 12:15:00+05:30,235.1999969482422,236.3000030517578,234.8000030517578,235.0,289853.0,0.0,0
2020-12-18 13:15:00+05:30,235.0,236.1999969482422,232.0500030517578,233.39999389648438,505351.0,0.0,0
2020-12-18 14:15:00+05:30,233.39999389648438,234.0,230.1999969482422,230.75,971014.0,0.0,0
2020-12-18 15:15:00+05:30,230.6999969482422,232.89999389648438,230.0,232.1999969482422,733225.0,0.0,0
2020-12-21 09:15:00+05:30,230.9499969482422,234.85000610351562,230.9499969482422,234.0,0.0,0.0,0
2020-12-21 10:15:00+05:30,233.9499969482422,234.1999969482422,230.89999389648438,231.10000610351562,315808.0,0.0,0
2020-12-21 11:15:00+05:30,231.10000610351562,236.60000610351562,231.0500030517578,235.4499969482422,621842.0,0.0,0
2020-12-21 12:15:00+05:30,235.6999969482422,247.25,235.35000610351562,242.10000610351562,3041359.0,0.0,0
2020-12-21 13:15:00+05:30,242.3000030517578,244.6999969482422,236.35000610351562,239.5,1615937.0,0.0,0
2020-12-21 14:15:00+05:30,239.5500030517578,240.25,227.75,232.4499969482422,2648356.0,0.0,0
2020-12-21 15:15:00+05:30,232.39999389648438,233.89999389648438,230.0500030517578,232.9499969482422,343987.0,0.0,0
2020-12-22 09:15:00+05:30,230.85000610351562,234.0,224.3000030517578,229.8000030517578,0.0,0.0,0
2020-12-22 10:15:00+05:30,229.6999969482422,231.35000610351562,228.35000610351562,229.64999389648438,310308.0,0.0,0
2020-12-22 11:15:00+05:30,229.6999969482422,230.60000610351562,228.5,230.3000030517578,210245.0,0.0,0
2020-12-22 12:15:00+05:30,230.3000030517578,230.35000610351562,228.10000610351562,230.3000030517578,188591.0,0.0,0
2020-12-22 13:15:00+05:30,230.3000030517578,233.60000610351562,230.1999969482422,233.10000610351562,369103.0,0.0,0
2020-12-22 14:15:00+05:30,233.0,234.25,231.0,233.35000610351562,676234.0,0.0,0
2020-12-22 15:15:00+05:30,233.64999389648438,233.8000030517578,230.64999389648438,232.75,401513.0,0.0,0
2020-12-23 09:15:00+05:30,233.1999969482422,233.1999969482422,227.60000610351562,229.60000610351562,0.0,0.0,0
2020-12-23 10:15:00+05:30,229.4499969482422,230.39999389648438,228.5500030517578,228.6999969482422,230116.0,0.0,0
2020-12-23 11:15:00+05:30,228.8000030517578,230.14999389648438,226.6999969482422,229.5500030517578,496400.0,0.0,0
2020-12-23 12:15:00+05:30,229.5500030517578,230.25,228.85000610351562,229.0500030517578,231462.0,0.0,0
2020-12-23 13:15:00+05:30,229.0500030517578,230.0500030517578,228.5,229.0,343822.0,0.0,0
2020-12-23 14:15:00+05:30,229.0,237.60000610351562,228.89999389648438,237.35000610351562,2120654.0,0.0,0
2020-12-23 15:15:00+05:30,237.4499969482422,238.1999969482422,235.10000610351562,236.75,425732.0,0.0,0
2020-12-24 09:15:00+05:30,237.5,242.0,236.8000030517578,240.85000610351562,0.0,0.0,0
2020-12-24 10:15:00+05:30,240.85000610351562,241.0,235.14999389648438,236.6999969482422,468487.0,0.0,0
2020-12-24 11:15:00+05:30,236.75,238.89999389648438,236.6999969482422,238.64999389648438,190102.0,0.0,0
2020-12-24 12:15:00+05:30,238.64999389648438,241.1999969482422,238.64999389648438,240.89999389648438,280227.0,0.0,0
2020-12-24 13:15:00+05:30,240.89999389648438,243.5,239.64999389648438,243.10000610351562,535487.0,0.0,0
2020-12-24 14:15:00+05:30,243.14999389648438,243.5,237.60000610351562,238.0,915914.0,0.0,0
2020-12-24 15:15:00+05:30,238.0,240.5,238.0,239.10000610351562,360873.0,0.0,0
2020-12-28 09:15:00+05:30,241.0,241.0,235.39999389648438,237.85000610351562,0.0,0.0,0
2020-12-28 10:15:00+05:30,237.85000610351562,240.0,237.4499969482422,237.5500030517578,478610.0,0.0,0
2020-12-28 11:15:00+05:30,237.5500030517578,239.4499969482422,237.5500030517578,237.9499969482422,296156.0,0.0,0
2020-12-28 12:15:00+05:30,237.89999389648438,238.39999389648438,236.1999969482422,237.35000610351562,2049430.0,0.0,0
2020-12-28 13:15:00+05:30,237.3000030517578,238.8000030517578,236.6999969482422,237.5500030517578,225738.0,0.0,0
2020-12-28 14:15:00+05:30,237.64999389648438,238.5,236.39999389648438,236.5,347378.0,0.0,0
2020-12-28 15:15:00+05:30,236.5,237.25,235.64999389648438,236.39999389648438,267648.0,0.0,0
2020-12-29 09:15:00+05:30,237.3000030517578,239.89999389648438,236.39999389648438,238.75,0.0,0.0,0
2020-12-29 10:15:00+05:30,238.75,239.0,230.3000030517578,234.10000610351562,1532698.0,0.0,0
2020-12-29 11:15:00+05:30,234.1999969482422,234.3000030517578,232.3000030517578,233.0,416052.0,0.0,0
2020-12-29 12:15:00+05:30,233.0,235.8000030517578,232.6999969482422,234.85000610351562,308797.0,0.0,0
2020-12-29 13:15:00+05:30,234.9499969482422,235.39999389648438,233.10000610351562,234.0500030517578,500749.0,0.0,0
2020-12-29 14:15:00+05:30,234.0,236.25,233.25,234.89999389648438,622406.0,0.0,0
2020-12-29 15:15:00+05:30,234.89999389648438,235.35000610351562,233.0500030517578,235.0,376039.0,0.0,0
2020-12-30 09:15:00+05:30,236.5,237.39999389648438,232.5,234.5,0.0,0.0,0
2020-12-30 10:15:00+05:30,234.5500030517578,234.6999969482422,230.75,233.0,601414.0,0.0,0
2020-12-30 11:15:00+05:30,233.0,233.3000030517578,230.60000610351562,231.75,445415.0,0.0,0
2020-12-30 12:15:00+05:30,231.6999969482422,232.60000610351562,230.75,231.5,264581.0,0.0,0
2020-12-30 13:15:00+05:30,231.5,233.89999389648438,231.0500030517578,232.60000610351562,1122288.0,0.0,0
2020-12-30 14:15:00+05:30,232.60000610351562,232.75,229.14999389648438,231.5500030517578,1088239.0,0.0,0
2020-12-30 15:15:00+05:30,231.64999389648438,232.5,230.89999389648438,231.3000030517578,399754.0,0.0,0
2020-12-31 09:15:00+05:30,232.75,232.75,230.8000030517578,231.60000610351562,0.0,0.0,0
2020-12-31 10:15:00+05:30,231.64999389648438,232.8000030517578,231.10000610351562,231.39999389648438,286846.0,0.0,0
2020-12-31 11:15:00+05:30,231.35000610351562,232.35000610351562,230.6999969482422,232.0500030517578,206084.0,0.0,0
2020-12-31 12:15:00+05:30,232.10000610351562,232.1999969482422,231.25,231.60000610351562,211497.0,0.0,0
2020-12-31 13:15:00+05:30,231.60000610351562,232.1999969482422,230.35000610351562,230.85000610351562,324971.0,0.0,0
2020-12-31 14:15:00+05:30,230.8000030517578,231.3000030517578,229.25,230.0,658352.0,0.0,0
2020-12-31 15:15:00+05:30,230.0,230.39999389648438,229.10000610351562,229.10000610351562,350987.0,0.0,0
2021-01-01 09:15:00+05:30,231.0500030517578,234.5,230.8000030517578,234.5,0.0,0.0,0
2021-01-01 10:15:00+05:30,234.25,236.39999389648438,234.25,236.14999389648438,543028.0,0.0,0
2021-01-01 11:15:00+05:30,236.1999969482422,237.1999969482422,234.8000030517578,235.39999389648438,636213.0,0.0,0
2021-01-01 12:15:00+05:30,235.39999389648438,236.60000610351562,235.0,235.85000610351562,258056.0,0.0,0
2021-01-01 13:15:00+05:30,235.64999389648438,236.0,234.5500030517578,235.5,176567.0,0.0,0
2021-01-01 14:15:00+05:30,235.60000610351562,236.60000610351562,234.8000030517578,235.0,377939.0,0.0,0
2021-01-01 15:15:00+05:30,235.10000610351562,236.5500030517578,234.6999969482422,235.4499969482422,228873.0,0.0,0
2021-01-04 09:15:00+05:30,239.1999969482422,242.5500030517578,237.39999389648438,241.0,3466575.0,0.0,0
2021-01-04 10:15:00+05:30,240.8000030517578,241.85000610351562,238.0,238.3000030517578,744448.0,0.0,0
2021-01-04 11:15:00+05:30,238.35000610351562,239.0,238.0500030517578,238.35000610351562,251747.0,0.0,0
2021-01-04 12:15:00+05:30,238.35000610351562,239.0500030517578,238.0,238.3000030517578,285535.0,0.0,0
2021-01-04 13:15:00+05:30,238.1999969482422,240.0,237.85000610351562,238.5,485503.0,0.0,0
2021-01-04 14:15:00+05:30,238.6999969482422,241.75,237.75,241.35000610351562,716524.0,0.0,0
2021-01-04 15:15:00+05:30,241.64999389648438,242.0,241.0,241.64999389648438,263112.0,0.0,0
2021-01-05 09:15:00+05:30,239.5,246.8000030517578,239.1999969482422,244.60000610351562,0.0,0.0,0
2021-01-05 10:15:00+05:30,244.64999389648438,256.3999938964844,244.0500030517578,252.9499969482422,2591469.0,0.0,0
2021-01-05 11:15:00+05:30,252.9499969482422,257.5,252.6999969482422,255.8000030517578,1754102.0,0.0,0
2021-01-05 12:15:00+05:30,255.60000610351562,264.79998779296875,255.35000610351562,260.79998779296875,4236358.0,0.0,0
2021-01-05 13:15:00+05:30,260.8500061035156,262.3999938964844,257.20001220703125,259.20001220703125,2127395.0,0.0,0
2021-01-05 14:15:00+05:30,259.20001220703125,260.5,253.14999389648438,253.3000030517578,1993576.0,0.0,0
2021-01-05 15:15:00+05:30,253.14999389648438,254.75,252.25,254.1999969482422,756749.0,0.0,0
2021-01-06 09:15:00+05:30,257.75,270.54998779296875,257.25,260.95001220703125,0.0,0.0,0
2021-01-06 10:15:00+05:30,260.95001220703125,264.3999938964844,260.20001220703125,263.3500061035156,899847.0,0.0,0
2021-01-06 11:15:00+05:30,263.3500061035156,263.45001220703125,261.0,261.3500061035156,397839.0,0.0,0
2021-01-06 12:15:00+05:30,261.20001220703125,262.29998779296875,260.70001220703125,261.0,415160.0,0.0,0
2021-01-06 13:15:00+05:30,261.0,261.6000061035156,255.6999969482422,256.1499938964844,1161145.0,0.0,0
2021-01-06 14:15:00+05:30,256.1499938964844,262.0,255.14999389648438,261.25,1482582.0,0.0,0
2021-01-06 15:15:00+05:30,261.54998779296875,262.54998779296875,260.3500061035156,261.3999938964844,501233.0,0.0,0
2021-01-07 09:15:00+05:30,264.20001220703125,265.8999938964844,261.0,262.29998779296875,1307961.0,0.0,0
2021-01-07 10:15:00+05:30,262.29998779296875,263.5,261.0,263.0,414876.0,0.0,0
2021-01-07 11:15:00+05:30,263.0,271.95001220703125,262.45001220703125,268.70001220703125,2188231.0,0.0,0
2021-01-07 12:15:00+05:30,268.6499938964844,268.70001220703125,265.0,267.95001220703125,761578.0,0.0,0
2021-01-07 13:15:00+05:30,267.8999938964844,275.0,267.8500061035156,271.70001220703125,1898342.0,0.0,0
2021-01-07 14:15:00+05:30,271.5,271.75,265.25,265.70001220703125,993185.0,0.0,0
2021-01-07 15:15:00+05:30,265.70001220703125,267.6000061035156,264.3500061035156,267.45001220703125,347646.0,0.0,0
2021-01-08 09:15:00+05:30,267.45001220703125,273.0,267.04998779296875,269.8999938964844,0.0,0.0,0
2021-01-08 10:15:00+05:30,269.8999938964844,271.8999938964844,269.1000061035156,269.20001220703125,621925.0,0.0,0
2021-01-08 11:15:00+05:30,269.25,269.8999938964844,269.0,269.20001220703125,279494.0,0.0,0
2021-01-08 12:15:00+05:30,269.20001220703125,269.6499938964844,268.20001220703125,268.75,284249.0,0.0,0
2021-01-08 13:15:00+05:30,268.75,269.1499938964844,266.3500061035156,268.20001220703125,488721.0,0.0,0
2021-01-08 14:15:00+05:30,268.20001220703125,270.8999938964844,267.6000061035156,270.25,835480.0,0.0,0
2021-01-08 15:15:00+05:30,270.20001220703125,271.45001220703125,269.29998779296875,270.45001220703125,429978.0,0.0,0
2021-01-11 09:15:00+05:30,271.8999938964844,271.8999938964844,264.6499938964844,264.75,0.0,0.0,0
2021-01-11 10:15:00+05:30,264.70001220703125,264.75,262.75,263.54998779296875,513920.0,0.0,0
2021-01-11 11:15:00+05:30,263.5,263.5,261.54998779296875,262.3500061035156,343019.0,0.0,0
2021-01-11 12:15:00+05:30,262.3500061035156,263.1499938964844,262.04998779296875,262.6000061035156,278858.0,0.0,0
2021-01-11 13:15:00+05:30,262.6000061035156,264.79998779296875,262.20001220703125,262.54998779296875,325125.0,0.0,0
2021-01-11 14:15:00+05:30,262.5,262.8500061035156,260.6499938964844,261.79998779296875,779010.0,0.0,0
2021-01-11 15:15:00+05:30,261.70001220703125,264.3999938964844,261.6499938964844,263.3500061035156,415158.0,0.0,0
2021-01-12 09:15:00+05:30,262.25,263.0,257.5,258.8999938964844,0.0,0.0,0
2021-01-12 10:15:00+05:30,258.75,261.75,258.1499938964844,260.3999938964844,652051.0,0.0,0
2021-01-12 11:15:00+05:30,260.29998779296875,265.5,260.0,263.45001220703125,863853.0,0.0,0
2021-01-12 12:15:00+05:30,263.45001220703125,268.3500061035156,261.79998779296875,267.3500061035156,1953834.0,0.0,0
2021-01-12 13:15:00+05:30,267.5,267.54998779296875,260.04998779296875,262.20001220703125,938898.0,0.0,0
2021-01-12 14:15:00+05:30,262.1499938964844,262.79998779296875,260.25,261.6499938964844,587428.0,0.0,0
2021-01-12 15:15:00+05:30,261.6000061035156,261.95001220703125,260.70001220703125,261.54998779296875,449555.0,0.0,0
2021-01-13 09:15:00+05:30,265.95001220703125,269.70001220703125,262.0,263.0,1457674.0,0.0,0
2021-01-13 10:15:00+05:30,263.0,263.0,260.54998779296875,262.0,455761.0,0.0,0
2021-01-13 11:15:00+05:30,262.0,262.0,258.0,260.25,521274.0,0.0,0
2021-01-13 12:15:00+05:30,260.45001220703125,261.1000061035156,260.04998779296875,260.70001220703125,190949.0,0.0,0
2021-01-13 13:15:00+05:30,260.8500061035156,260.8500061035156,253.6999969482422,257.54998779296875,433278.0,0.0,0
2021-01-13 14:15:00+05:30,257.75,260.45001220703125,256.3999938964844,257.0,762785.0,0.0,0
2021-01-13 15:15:00+05:30,257.0,259.79998779296875,256.79998779296875,258.1000061035156,466036.0,0.0,0
2021-01-14 09:15:00+05:30,260.75,261.0,256.79998779296875,257.5,0.0,0.0,0
2021-01-14 10:15:00+05:30,257.45001220703125,258.1000061035156,257.0,257.29998779296875,180286.0,0.0,0
2021-01-14 11:15:00+05:30,257.5,258.0,256.04998779296875,256.75,210162.0,0.0,0
2021-01-14 12:15:00+05:30,256.75,257.04998779296875,255.8000030517578,255.9499969482422,175362.0,0.0,0
2021-01-14 13:15:00+05:30,256.0,256.20001220703125,255.0500030517578,255.3000030517578,109022.0,0.0,0
2021-01-14 14:15:00+05:30,255.25,256.54998779296875,254.0,255.5500030517578,589856.0,0.0,0
2021-01-14 15:15:00+05:30,255.5500030517578,256.6000061035156,254.39999389648438,256.1000061035156,220967.0,0.0,0
2021-01-15 09:15:00+05:30,258.20001220703125,264.1499938964844,257.8999938964844,262.8500061035156,222147.0,0.0,0
2021-01-15 10:15:00+05:30,263.1000061035156,266.8500061035156,261.45001220703125,263.54998779296875,2361678.0,0.0,0
2021-01-15 11:15:00+05:30,263.5,263.8999938964844,260.25,263.0,1622046.0,0.0,0
2021-01-15 12:15:00+05:30,262.79998779296875,263.75,262.20001220703125,262.5,704867.0,0.0,0
2021-01-15 13:15:00+05:30,262.29998779296875,262.54998779296875,257.3999938964844,259.3500061035156,639881.0,0.0,0
2021-01-15 14:15:00+05:30,259.1499938964844,263.25,257.0,262.29998779296875,991734.0,0.0,0
2021-01-15 15:15:00+05:30,262.0,263.25,261.75,262.20001220703125,766993.0,0.0,0
2021-01-18 09:15:00+05:30,262.04998779296875,262.04998779296875,242.89999389648438,254.3000030517578,0.0,0.0,0
2021-01-18 10:15:00+05:30,254.39999389648438,260.79998779296875,251.9499969482422,260.70001220703125,803172.0,0.0,0
2021-01-18 11:15:00+05:30,260.6499938964844,260.8999938964844,254.3000030517578,255.35000610351562,416756.0,0.0,0
2021-01-18 12:15:00+05:30,255.35000610351562,256.0,255.0,255.8000030517578,139870.0,0.0,0
2021-01-18 13:15:00+05:30,255.9499969482422,259.0,255.0,258.3999938964844,271479.0,0.0,0
2021-01-18 14:15:00+05:30,258.5,260.45001220703125,256.75,258.8500061035156,391393.0,0.0,0
2021-01-18 15:15:00+05:30,258.79998779296875,259.1499938964844,258.0,258.1499938964844,336745.0,0.0,0
2021-01-19 09:15:00+05:30,258.04998779296875,260.6499938964844,257.3999938964844,257.75,0.0,0.0,0
2021-01-19 10:15:00+05:30,257.8500061035156,258.0,257.29998779296875,257.3999938964844,128963.0,0.0,0
2021-01-19 11:15:00+05:30,257.29998779296875,257.6499938964844,256.20001220703125,256.79998779296875,198371.0,0.0,0
2021-01-19 12:15:00+05:30,256.8500061035156,260.20001220703125,256.5,257.6000061035156,513395.0,0.0,0
2021-01-19 13:15:00+05:30,257.8500061035156,258.0,256.8500061035156,257.8500061035156,122057.0,0.0,0
2021-01-19 14:15:00+05:30,257.79998779296875,258.75,256.5,258.3999938964844,428144.0,0.0,0
2021-01-19 15:15:00+05:30,258.3999938964844,259.04998779296875,257.29998779296875,257.29998779296875,430766.0,0.0,0
2021-01-20 09:15:00+05:30,258.70001220703125,259.6000061035156,254.5,254.64999389648438,0.0,0.0,0
2021-01-20 10:15:00+05:30,254.64999389648438,255.75,254.64999389648438,255.1999969482422,145984.0,0.0,0
2021-01-20 11:15:00+05:30,255.14999389648438,257.5,255.10000610351562,256.70001220703125,238776.0,0.0,0
2021-01-20 12:15:00+05:30,256.70001220703125,257.25,255.0,255.0,181376.0,0.0,0
2021-01-20 13:15:00+05:30,255.0500030517578,255.75,254.64999389648438,255.5500030517578,111836.0,0.0,0
2021-01-20 14:15:00+05:30,255.5,256.45001220703125,253.89999389648438,254.0500030517578,349992.0,0.0,0
2021-01-20 15:15:00+05:30,254.0500030517578,255.0,253.6999969482422,254.25,249864.0,0.0,0
2021-01-21 09:15:00+05:30,258.04998779296875,258.04998779296875,252.5,253.25,0.0,0.0,0
2021-01-21 10:15:00+05:30,253.1999969482422,255.35000610351562,253.0,254.5,297084.0,0.0,0
2021-01-21 11:15:00+05:30,254.5,256.20001220703125,253.0,254.8000030517578,434129.0,0.0,0
2021-01-21 12:15:00+05:30,254.75,256.45001220703125,254.5,255.39999389648438,468376.0,0.0,0
2021-01-21 13:15:00+05:30,255.4499969482422,255.9499969482422,247.25,248.60000610351562,815689.0,0.0,0
2021-01-21 14:15:00+05:30,248.60000610351562,248.60000610351562,241.10000610351562,245.35000610351562,1145107.0,0.0,0
2021-01-21 15:15:00+05:30,245.39999389648438,248.1999969482422,245.39999389648438,247.0500030517578,277488.0,0.0,0
2021-01-22 09:15:00+05:30,247.6999969482422,248.1999969482422,244.10000610351562,245.39999389648438,0.0,0.0,0
2021-01-22 10:15:00+05:30,245.35000610351562,245.5,241.60000610351562,242.64999389648438,210280.0,0.0,0
2021-01-22 11:15:00+05:30,242.75,242.75,240.39999389648438,241.60000610351562,216849.0,0.0,0
2021-01-22 12:15:00+05:30,241.5,241.9499969482422,238.89999389648438,238.9499969482422,172931.0,0.0,0
2021-01-22 13:15:00+05:30,238.89999389648438,242.3000030517578,236.85000610351562,241.25,359517.0,0.0,0
2021-01-22 14:15:00+05:30,241.6999969482422,244.5,241.25,241.5500030517578,292322.0,0.0,0
2021-01-22 15:15:00+05:30,241.5,242.0500030517578,240.35000610351562,241.39999389648438,151944.0,0.0,0
2021-01-25 09:15:00+05:30,243.8000030517578,244.1999969482422,234.0,237.0500030517578,0.0,0.0,0
2021-01-25 10:15:00+05:30,237.0,240.5500030517578,234.25,240.25,327998.0,0.0,0
2021-01-25 11:15:00+05:30,240.39999389648438,242.5500030517578,238.60000610351562,241.39999389648438,313346.0,0.0,0
2021-01-25 12:15:00+05:30,241.39999389648438,243.0,239.8000030517578,239.8000030517578,148556.0,0.0,0
2021-01-25 13:15:00+05:30,239.8000030517578,240.0500030517578,235.0,236.5,450462.0,0.0,0
2021-01-25 14:15:00+05:30,236.35000610351562,236.35000610351562,233.5,235.1999969482422,411690.0,0.0,0
2021-01-25 15:15:00+05:30,235.1999969482422,244.0,235.1999969482422,242.5500030517578,357262.0,0.0,0
2021-01-27 09:15:00+05:30,235.9499969482422,246.4499969482422,235.8000030517578,246.39999389648438,0.0,0.0,0
2021-01-27 10:15:00+05:30,246.39999389648438,246.4499969482422,244.0500030517578,244.60000610351562,796390.0,0.0,0
2021-01-27 11:15:00+05:30,244.60000610351562,244.75,239.1999969482422,239.25,451173.0,0.0,0
2021-01-27 12:15:00+05:30,239.25,241.8000030517578,238.64999389648438,240.25,424241.0,0.0,0
2021-01-27 13:15:00+05:30,240.25,241.5,239.35000610351562,240.85000610351562,227538.0,0.0,0
2021-01-27 14:15:00+05:30,240.89999389648438,243.5,236.1999969482422,238.60000610351562,1234216.0,0.0,0
2021-01-27 15:15:00+05:30,238.64999389648438,241.60000610351562,237.1999969482422,241.0,670844.0,0.0,0
2021-01-28 09:15:00+05:30,238.6999969482422,241.5,235.5500030517578,238.39999389648438,0.0,0.0,0
2021-01-28 10:15:00+05:30,238.39999389648438,241.1999969482422,238.0,240.39999389648438,336608.0,0.0,0
2021-01-28 11:15:00+05:30,240.39999389648438,242.39999389648438,239.0,242.0,418733.0,0.0,0
2021-01-28 12:15:00+05:30,241.8000030517578,243.3000030517578,236.9499969482422,241.0,771123.0,0.0,0
2021-01-28 13:15:00+05:30,240.89999389648438,242.8000030517578,240.75,241.39999389648438,583995.0,0.0,0
2021-01-28 14:15:00+05:30,241.39999389648438,243.60000610351562,239.3000030517578,240.85000610351562,831404.0,0.0,0
2021-01-28 15:15:00+05:30,240.8000030517578,243.3000030517578,240.10000610351562,243.0,276054.0,0.0,0
2021-01-29 09:15:00+05:30,245.35000610351562,247.0,236.4499969482422,236.9499969482422,2994754.0,0.0,0
2021-01-29 10:15:00+05:30,236.60000610351562,238.14999389648438,232.1999969482422,235.5500030517578,1104479.0,0.0,0
2021-01-29 11:15:00+05:30,235.60000610351562,237.5,234.0,234.5500030517578,438388.0,0.0,0
2021-01-29 12:15:00+05:30,234.5500030517578,238.85000610351562,233.1999969482422,236.60000610351562,573831.0,0.0,0
2021-01-29 13:15:00+05:30,236.60000610351562,237.89999389648438,235.0,236.64999389648438,275401.0,0.0,0
2021-01-29 14:15:00+05:30,236.64999389648438,237.89999389648438,231.0,232.64999389648438,1127646.0,0.0,0
2021-01-29 15:15:00+05:30,232.64999389648438,232.8000030517578,229.60000610351562,231.6999969482422,898517.0,0.0,0
2021-02-01 09:15:00+05:30,234.85000610351562,236.9499969482422,231.39999389648438,233.10000610351562,0.0,0.0,0
2021-02-01 10:15:00+05:30,233.0,234.4499969482422,231.5,233.75,275831.0,0.0,0
2021-02-01 11:15:00+05:30,233.75,237.10000610351562,233.6999969482422,235.39999389648438,292712.0,0.0,0
2021-02-01 12:15:00+05:30,235.39999389648438,238.3000030517578,233.39999389648438,235.8000030517578,349299.0,0.0,0
2021-02-01 13:15:00+05:30,235.85000610351562,237.39999389648438,233.85000610351562,234.6999969482422,267755.0,0.0,0
2021-02-01 14:15:00+05:30,234.64999389648438,241.60000610351562,234.35000610351562,240.64999389648438,672358.0,0.0,0
2021-02-01 15:15:00+05:30,240.89999389648438,241.1999969482422,239.0500030517578,240.1999969482422,241752.0,0.0,0
2021-02-02 09:15:00+05:30,244.8000030517578,248.39999389648438,242.60000610351562,245.5,0.0,0.0,0
2021-02-02 10:15:00+05:30,245.75,247.89999389648438,243.39999389648438,246.75,947124.0,0.0,0
2021-02-02 11:15:00+05:30,246.75,252.8000030517578,246.1999969482422,251.1999969482422,1833333.0,0.0,0
2021-02-02 12:15:00+05:30,251.14999389648438,253.0,247.6999969482422,250.3000030517578,1069913.0,0.0,0
2021-02-02 13:15:00+05:30,250.39999389648438,252.0,248.0,248.35000610351562,656947.0,0.0,0
2021-02-02 14:15:00+05:30,248.35000610351562,250.3000030517578,246.10000610351562,246.60000610351562,832694.0,0.0,0
2021-02-02 15:15:00+05:30,246.5,248.5,246.5,248.14999389648438,405066.0,0.0,0
2021-02-03 09:15:00+05:30,250.60000610351562,251.4499969482422,245.4499969482422,248.1999969482422,0.0,0.0,0
2021-02-03 10:15:00+05:30,248.25,248.4499969482422,246.14999389648438,247.0,417918.0,0.0,0
2021-02-03 11:15:00+05:30,247.0,247.39999389648438,244.5,247.0,736635.0,0.0,0
2021-02-03 12:15:00+05:30,247.0,250.0,246.60000610351562,248.85000610351562,2273457.0,0.0,0
2021-02-03 13:15:00+05:30,248.8000030517578,249.60000610351562,247.39999389648438,248.5,722382.0,0.0,0
2021-02-03 14:15:00+05:30,248.60000610351562,249.8000030517578,247.10000610351562,249.0,1219666.0,0.0,0
2021-02-03 15:15:00+05:30,249.10000610351562,250.0,247.25,248.10000610351562,643814.0,0.0,0
2021-02-04 09:15:00+05:30,250.4499969482422,253.89999389648438,249.0,249.9499969482422,0.0,0.0,0
2021-02-04 10:15:00+05:30,250.0,251.0500030517578,249.0,250.0,859290.0,0.0,0
2021-02-04 11:15:00+05:30,250.1999969482422,253.35000610351562,250.0,252.75,704862.0,0.0,0
2021-02-04 12:15:00+05:30,252.9499969482422,255.8000030517578,252.14999389648438,254.85000610351562,1086365.0,0.0,0
2021-02-04 13:15:00+05:30,255.10000610351562,256.5,253.8000030517578,255.0,667073.0,0.0,0
2021-02-04 14:15:00+05:30,255.0,256.20001220703125,252.0,253.75,886219.0,0.0,0
2021-02-04 15:15:00+05:30,253.75,255.3000030517578,253.5,254.3000030517578,474378.0,0.0,0
2021-02-05 09:15:00+05:30,256.0,256.0,247.60000610351562,249.10000610351562,2486862.0,0.0,0
2021-02-05 10:15:00+05:30,249.0500030517578,250.75,246.8000030517578,250.4499969482422,1004059.0,0.0,0
2021-02-05 11:15:00+05:30,250.35000610351562,255.5,250.0,255.14999389648438,817491.0,0.0,0
2021-02-05 12:15:00+05:30,255.25,256.0,254.64999389648438,255.0500030517578,1069464.0,0.0,0
2021-02-05 13:15:00+05:30,255.0,255.39999389648438,250.64999389648438,252.4499969482422,804785.0,0.0,0
2021-02-05 14:15:00+05:30,252.35000610351562,253.6999969482422,250.5,253.4499969482422,894147.0,0.0,0
2021-02-05 15:15:00+05:30,253.4499969482422,255.10000610351562,253.4499969482422,254.60000610351562,393457.0,0.0,0
2021-02-08 09:15:00+05:30,239.4499969482422,244.0,237.0500030517578,242.6999969482422,0.0,17.82,0
2021-02-08 10:15:00+05:30,242.60000610351562,245.0,241.5,244.89999389648438,852086.0,0.0,0
2021-02-08 11:15:00+05:30,244.85000610351562,244.85000610351562,240.64999389648438,243.0,919284.0,0.0,0
2021-02-08 12:15:00+05:30,242.85000610351562,243.4499969482422,239.25,239.6999969482422,687005.0,0.0,0
2021-02-08 13:15:00+05:30,239.60000610351562,241.8000030517578,239.4499969482422,240.60000610351562,457757.0,0.0,0
2021-02-08 14:15:00+05:30,240.60000610351562,241.0,239.10000610351562,240.0,732829.0,0.0,0
2021-02-08 15:15:00+05:30,239.9499969482422,240.60000610351562,239.35000610351562,240.0,671061.0,0.0,0
2021-02-09 09:15:00+05:30,242.4499969482422,255.0,242.1999969482422,253.5500030517578,9387144.0,0.0,0
2021-02-09 10:15:00+05:30,253.5,255.8000030517578,251.0,252.89999389648438,1488217.0,0.0,0
2021-02-09 11:15:00+05:30,252.85000610351562,255.3000030517578,252.10000610351562,253.8000030517578,815121.0,0.0,0
2021-02-09 12:15:00+05:30,253.8000030517578,263.3999938964844,252.60000610351562,258.0,3869285.0,0.0,0
2021-02-09 13:15:00+05:30,257.8999938964844,258.45001220703125,255.25,257.5,1817643.0,0.0,0
2021-02-09 14:15:00+05:30,257.5,258.45001220703125,252.39999389648438,253.9499969482422,2823169.0,0.0,0
2021-02-09 15:15:00+05:30,253.89999389648438,254.85000610351562,252.5,252.75,1285111.0,0.0,0
2021-02-10 09:15:00+05:30,253.6999969482422,253.6999969482422,245.0,245.3000030517578,0.0,0.0,0
2021-02-10 10:15:00+05:30,245.3000030517578,248.5,245.0,248.0500030517578,995215.0,0.0,0
2021-02-10 11:15:00+05:30,248.1999969482422,248.4499969482422,245.85000610351562,246.14999389648438,687622.0,0.0,0
2021-02-10 12:15:00+05:30,246.14999389648438,248.0,246.14999389648438,246.60000610351562,593007.0,0.0,0
2021-02-10 13:15:00+05:30,246.60000610351562,247.0,244.3000030517578,246.35000610351562,1057069.0,0.0,0
2021-02-10 14:15:00+05:30,246.39999389648438,248.75,245.14999389648438,248.75,1151742.0,0.0,0
2021-02-10 15:15:00+05:30,248.6999969482422,249.3000030517578,246.75,247.64999389648438,675345.0,0.0,0
2021-02-11 09:15:00+05:30,250.0,250.64999389648438,245.39999389648438,248.64999389648438,0.0,0.0,0
2021-02-11 10:15:00+05:30,248.5,249.8000030517578,247.6999969482422,248.5500030517578,223270.0,0.0,0
2021-02-11 11:15:00+05:30,248.5500030517578,248.64999389648438,247.85000610351562,248.25,221358.0,0.0,0
2021-02-11 12:15:00+05:30,248.10000610351562,250.0,248.10000610351562,248.89999389648438,298728.0,0.0,0
2021-02-11 13:15:00+05:30,248.89999389648438,251.0,248.25,251.0,336450.0,0.0,0
2021-02-11 14:15:00+05:30,250.85000610351562,250.89999389648438,249.10000610351562,249.5,425593.0,0.0,0
2021-02-11 15:15:00+05:30,249.5,251.8000030517578,249.0500030517578,250.25,317321.0,0.0,0
2021-02-12 09:15:00+05:30,249.85000610351562,254.75,249.25,252.14999389648438,0.0,0.0,0
2021-02-12 10:15:00+05:30,252.25,253.75,251.89999389648438,253.14999389648438,350773.0,0.0,0
2021-02-12 11:15:00+05:30,253.10000610351562,253.5500030517578,251.1999969482422,251.60000610351562,245608.0,0.0,0
2021-02-12 12:15:00+05:30,251.5500030517578,252.60000610351562,251.0,251.1999969482422,296387.0,0.0,0
2021-02-12 13:15:00+05:30,251.3000030517578,251.3000030517578,244.25,247.14999389648438,735419.0,0.0,0
2021-02-12 14:15:00+05:30,247.14999389648438,249.1999969482422,245.10000610351562,245.6999969482422,557474.0,0.0,0
2021-02-12 15:15:00+05:30,245.6999969482422,246.5,245.3000030517578,245.64999389648438,0.0,0.0,0
2021-02-15 09:15:00+05:30,248.39999389648438,251.3000030517578,246.75,250.3000030517578,0.0,0.0,0
2021-02-15 10:15:00+05:30,250.3000030517578,252.0,249.5,250.1999969482422,445905.0,0.0,0
2021-02-15 11:15:00+05:30,250.1999969482422,250.3000030517578,247.0500030517578,249.5,542627.0,0.0,0
2021-02-15 12:15:00+05:30,249.25,250.60000610351562,247.8000030517578,248.5,490990.0,0.0,0
2021-02-15 13:15:00+05:30,248.39999389648438,250.39999389648438,248.39999389648438,249.89999389648438,224180.0,0.0,0
2021-02-15 14:15:00+05:30,249.9499969482422,250.0,248.6999969482422,248.6999969482422,500105.0,0.0,0
2021-02-15 15:15:00+05:30,248.75,249.89999389648438,248.60000610351562,249.35000610351562,181466.0,0.0,0
2021-02-16 09:15:00+05:30,250.5,252.14999389648438,249.35000610351562,249.60000610351562,0.0,0.0,0
2021-02-16 10:15:00+05:30,249.4499969482422,250.60000610351562,249.4499969482422,250.14999389648438,208080.0,0.0,0
2021-02-16 11:15:00+05:30,250.14999389648438,250.3000030517578,247.1999969482422,249.39999389648438,391067.0,0.0,0
2021-02-16 12:15:00+05:30,249.4499969482422,250.0,244.10000610351562,246.75,880658.0,0.0,0
2021-02-16 13:15:00+05:30,246.4499969482422,247.0500030517578,245.0,246.1999969482422,267234.0,0.0,0
2021-02-16 14:15:00+05:30,246.1999969482422,247.9499969482422,245.64999389648438,247.8000030517578,437363.0,0.0,0
2021-02-16 15:15:00+05:30,247.85000610351562,248.0,246.4499969482422,247.14999389648438,298256.0,0.0,0
2021-02-17 09:15:00+05:30,247.0,255.0,247.0,254.14999389648438,0.0,0.0,0
2021-02-17 10:15:00+05:30,254.14999389648438,257.1000061035156,252.9499969482422,254.1999969482422,8474757.0,0.0,0
2021-02-17 11:15:00+05:30,254.35000610351562,257.54998779296875,254.1999969482422,256.8500061035156,949204.0,0.0,0
2021-02-17 12:15:00+05:30,256.95001220703125,257.0,254.5500030517578,255.6999969482422,877868.0,0.0,0
2021-02-17 13:15:00+05:30,255.64999389648438,257.8999938964844,254.25,257.04998779296875,1022550.0,0.0,0
2021-02-17 14:15:00+05:30,257.1000061035156,257.29998779296875,254.10000610351562,256.25,1287059.0,0.0,0
2021-02-17 15:15:00+05:30,256.1000061035156,258.0,256.1000061035156,256.6000061035156,822533.0,0.0,0
2021-02-18 09:15:00+05:30,257.6499938964844,259.75,250.60000610351562,252.14999389648438,0.0,0.0,0
2021-02-18 10:15:00+05:30,252.14999389648438,256.0,252.14999389648438,255.6999969482422,772977.0,0.0,0
2021-02-18 11:15:00+05:30,255.85000610351562,258.29998779296875,254.5,257.6499938964844,866458.0,0.0,0
2021-02-18 12:15:00+05:30,257.6499938964844,259.3999938964844,256.5,259.3999938964844,1076872.0,0.0,0
2021-02-18 13:15:00+05:30,259.1000061035156,264.1499938964844,257.1000061035156,264.1000061035156,1542445.0,0.0,0
2021-02-18 14:15:00+05:30,264.04998779296875,264.6000061035156,258.5,260.0,1622945.0,0.0,0
2021-02-18 15:15:00+05:30,260.04998779296875,260.3999938964844,258.5,259.6499938964844,866768.0,0.0,0
2021-02-19 09:15:00+05:30,258.0,265.70001220703125,257.1499938964844,263.8999938964844,0.0,0.0,0
2021-02-19 10:15:00+05:30,263.8999938964844,265.29998779296875,261.29998779296875,261.6499938964844,585229.0,0.0,0
2021-02-19 11:15:00+05:30,261.6499938964844,263.29998779296875,261.45001220703125,261.95001220703125,363004.0,0.0,0
2021-02-19 12:15:00+05:30,261.95001220703125,262.3999938964844,260.04998779296875,260.04998779296875,472959.0,0.0,0
2021-02-19 13:15:00+05:30,260.04998779296875,260.04998779296875,254.10000610351562,254.75,1015804.0,0.0,0
2021-02-19 14:15:00+05:30,255.0,262.0,254.39999389648438,261.95001220703125,1207275.0,0.0,0
2021-02-19 15:15:00+05:30,261.8999938964844,262.1499938964844,259.6000061035156,260.70001220703125,507133.0,0.0,0
2021-02-22 09:15:00+05:30,262.5,270.79998779296875,262.5,267.0,0.0,0.0,0
2021-02-22 10:15:00+05:30,267.0,267.54998779296875,263.25,266.6000061035156,1542918.0,0.0,0
2021-02-22 11:15:00+05:30,266.6000061035156,269.45001220703125,266.45001220703125,268.0,1257217.0,0.0,0
2021-02-22 12:15:00+05:30,268.0,268.5,267.3500061035156,268.20001220703125,1016737.0,0.0,0
2021-02-22 13:15:00+05:30,268.20001220703125,268.70001220703125,262.6499938964844,263.5,1235835.0,0.0,0
2021-02-22 14:15:00+05:30,263.5,267.25,261.5,265.1000061035156,1569519.0,0.0,0
2021-02-22 15:15:00+05:30,265.1000061035156,267.20001220703125,265.1000061035156,266.45001220703125,722430.0,0.0,0
2021-02-23 09:15:00+05:30,267.70001220703125,273.8500061035156,267.20001220703125,270.1499938964844,0.0,0.0,0
2021-02-23 10:15:00+05:30,270.1499938964844,271.79998779296875,267.79998779296875,268.0,1934922.0,0.0,0
2021-02-23 11:15:00+05:30,268.0,276.8999938964844,268.0,276.1499938964844,1609162.0,0.0,0
2021-02-23 12:15:00+05:30,276.3999938964844,277.75,272.25,273.8500061035156,1728859.0,0.0,0
2021-02-23 13:15:00+05:30,273.8500061035156,273.8999938964844,271.20001220703125,271.95001220703125,1182552.0,0.0,0
2021-02-23 14:15:00+05:30,271.95001220703125,273.3999938964844,269.70001220703125,271.75,1681519.0,0.0,0
2021-02-23 15:15:00+05:30,271.70001220703125,272.0,270.6000061035156,271.6499938964844,659845.0,0.0,0
2021-02-24 09:15:00+05:30,272.0,276.6000061035156,271.0,274.6499938964844,0.0,0.0,0
2021-02-24 10:15:00+05:30,274.70001220703125,277.3999938964844,274.29998779296875,275.0,751074.0,0.0,0
2021-02-24 11:15:00+05:30,275.04998779296875,275.5,271.6499938964844,274.6000061035156,176571.0,0.0,0
2021-02-25 09:15:00+05:30,281.8500061035156,282.6499938964844,277.1499938964844,277.6000061035156,1909362.0,0.0,0
2021-02-25 10:15:00+05:30,277.6000061035156,278.25,275.45001220703125,276.45001220703125,479778.0,0.0,0
2021-02-25 11:15:00+05:30,276.5,276.6499938964844,273.79998779296875,274.45001220703125,555247.0,0.0,0
2021-02-25 12:15:00+05:30,274.45001220703125,275.29998779296875,273.29998779296875,274.70001220703125,401596.0,0.0,0
2021-02-25 13:15:00+05:30,274.70001220703125,274.8500061035156,272.29998779296875,272.8500061035156,421789.0,0.0,0
2021-02-25 14:15:00+05:30,272.8500061035156,274.0,269.70001220703125,273.5,969093.0,0.0,0
2021-02-25 15:15:00+05:30,273.1000061035156,275.3999938964844,272.54998779296875,273.5,603305.0,0.0,0
2021-02-26 09:15:00+05:30,266.5,272.79998779296875,266.5,269.75,0.0,0.0,0
2021-02-26 10:15:00+05:30,269.75,269.8999938964844,264.6499938964844,266.6499938964844,870049.0,0.0,0
2021-02-26 11:15:00+05:30,266.6499938964844,267.29998779296875,263.54998779296875,265.3999938964844,1137776.0,0.0,0
2021-02-26 12:15:00+05:30,265.25,265.70001220703125,262.1000061035156,262.8500061035156,933154.0,0.0,0
2021-02-26 13:15:00+05:30,262.8500061035156,268.8999938964844,262.1499938964844,268.1000061035156,1492706.0,0.0,0
2021-02-26 14:15:00+05:30,268.0,269.70001220703125,255.14999389648438,258.1000061035156,20831837.0,0.0,0
2021-02-26 15:15:00+05:30,257.8999938964844,258.04998779296875,255.14999389648438,257.8500061035156,14255348.0,0.0,0
2021-03-01 09:15:00+05:30,261.1000061035156,263.0,257.8999938964844,258.95001220703125,0.0,0.0,0
2021-03-01 10:15:00+05:30,258.95001220703125,265.0,258.95001220703125,263.54998779296875,350279.0,0.0,0
2021-03-01 11:15:00+05:30,263.54998779296875,264.0,260.8500061035156,262.0,369789.0,0.0,0
2021-03-01 12:15:00+05:30,261.8500061035156,262.3999938964844,259.1000061035156,259.5,381017.0,0.0,0
2021-03-01 13:15:00+05:30,259.5,260.5,256.0,256.25,744040.0,0.0,0
2021-03-01 14:15:00+05:30,256.29998779296875,257.20001220703125,250.6999969482422,251.0500030517578,2107032.0,0.0,0
2021-03-01 15:15:00+05:30,251.1999969482422,253.0,250.89999389648438,253.0,783002.0,0.0,0
2021-03-02 09:15:00+05:30,254.89999389648438,256.20001220703125,252.60000610351562,255.9499969482422,0.0,0.0,0
2021-03-02 10:15:00+05:30,255.9499969482422,256.25,252.5500030517578,252.85000610351562,384081.0,0.0,0
2021-03-02 11:15:00+05:30,252.89999389648438,254.4499969482422,251.39999389648438,253.75,346645.0,0.0,0
2021-03-02 12:15:00+05:30,253.89999389648438,255.5,253.4499969482422,253.6999969482422,329327.0,0.0,0
2021-03-02 13:15:00+05:30,253.85000610351562,256.5,253.39999389648438,255.64999389648438,476166.0,0.0,0
2021-03-02 14:15:00+05:30,255.64999389648438,258.8500061035156,254.14999389648438,258.45001220703125,844725.0,0.0,0
2021-03-02 15:15:00+05:30,258.6000061035156,258.75,256.3999938964844,257.5,409423.0,0.0,0
2021-03-03 09:15:00+05:30,260.1000061035156,260.1000061035156,256.8999938964844,258.79998779296875,0.0,0.0,0
2021-03-03 10:15:00+05:30,258.79998779296875,259.95001220703125,257.5,257.8999938964844,149567.0,0.0,0
2021-03-03 11:15:00+05:30,257.8999938964844,258.25,256.79998779296875,257.54998779296875,200688.0,0.0,0
2021-03-03 12:15:00+05:30,257.70001220703125,257.95001220703125,256.45001220703125,257.6499938964844,154452.0,0.0,0
2021-03-03 13:15:00+05:30,257.6499938964844,258.3500061035156,257.25,257.6499938964844,163583.0,0.0,0
2021-03-03 14:15:00+05:30,257.6000061035156,259.45001220703125,256.25,257.54998779296875,681989.0,0.0,0
2021-03-03 15:15:00+05:30,257.6000061035156,258.8999938964844,257.6000061035156,257.79998779296875,390648.0,0.0,0
2021-03-04 09:15:00+05:30,254.0,257.3500061035156,253.75,256.5,0.0,0.0,0
2021-03-04 10:15:00+05:30,256.6000061035156,259.8500061035156,255.8000030517578,259.1499938964844,189801.0,0.0,0
2021-03-04 11:15:00+05:30,259.1499938964844,259.6499938964844,257.3999938964844,258.75,146464.0,0.0,0
2021-03-04 12:15:00+05:30,258.79998779296875,259.79998779296875,258.0,259.29998779296875,154041.0,0.0,0
2021-03-04 13:15:00+05:30,259.20001220703125,259.5,258.04998779296875,259.25,151140.0,0.0,0
2021-03-04 14:15:00+05:30,259.25,261.45001220703125,258.3999938964844,258.45001220703125,388128.0,0.0,0
2021-03-04 15:15:00+05:30,258.3999938964844,259.5,258.3999938964844,259.20001220703125,137053.0,0.0,0
2021-03-05 09:15:00+05:30,258.70001220703125,258.70001220703125,251.5500030517578,252.10000610351562,0.0,0.0,0
2021-03-05 10:15:00+05:30,252.10000610351562,252.1999969482422,246.9499969482422,248.5,947341.0,0.0,0
2021-03-05 11:15:00+05:30,248.64999389648438,249.39999389648438,245.0500030517578,245.5500030517578,781757.0,0.0,0
2021-03-05 12:15:00+05:30,245.5,247.9499969482422,245.0,246.9499969482422,552078.0,0.0,0
2021-03-05 13:15:00+05:30,246.9499969482422,248.85000610351562,245.75,245.9499969482422,453881.0,0.0,0
2021-03-05 14:15:00+05:30,246.0500030517578,249.60000610351562,245.3000030517578,249.3000030517578,714525.0,0.0,0
2021-03-05 15:15:00+05:30,249.14999389648438,249.89999389648438,248.5500030517578,248.5500030517578,379641.0,0.0,0
2021-03-08 09:15:00+05:30,249.75,253.64999389648438,249.5,253.0,0.0,0.0,0
2021-03-08 10:15:00+05:30,253.14999389648438,254.64999389648438,251.3000030517578,253.64999389648438,284735.0,0.0,0
2021-03-08 11:15:00+05:30,253.6999969482422,254.85000610351562,253.6999969482422,254.25,211144.0,0.0,0
2021-03-08 12:15:00+05:30,254.25,255.60000610351562,254.0500030517578,254.3000030517578,218101.0,0.0,0
2021-03-08 13:15:00+05:30,254.10000610351562,254.64999389648438,253.10000610351562,254.3000030517578,138127.0,0.0,0
2021-03-08 14:15:00+05:30,254.1999969482422,255.10000610351562,250.0500030517578,250.89999389648438,385404.0,0.0,0
2021-03-08 15:15:00+05:30,250.89999389648438,254.89999389648438,250.5,254.35000610351562,534124.0,0.0,0
2021-03-09 09:15:00+05:30,255.89999389648438,256.3999938964844,251.14999389648438,252.8000030517578,0.0,0.0,0
2021-03-09 10:15:00+05:30,252.8000030517578,255.0,251.64999389648438,254.25,241695.0,0.0,0
2021-03-09 11:15:00+05:30,254.25,254.6999969482422,253.5,253.5,129789.0,0.0,0
2021-03-09 12:15:00+05:30,253.39999389648438,255.25,252.4499969482422,253.35000610351562,305280.0,0.0,0
2021-03-09 13:15:00+05:30,253.35000610351562,256.0,251.14999389648438,252.39999389648438,479459.0,0.0,0
2021-03-09 14:15:00+05:30,252.39999389648438,254.3000030517578,249.60000610351562,252.89999389648438,623179.0,0.0,0
2021-03-09 15:15:00+05:30,253.0,254.39999389648438,250.0,252.10000610351562,0.0,0.0,0
2021-03-10 09:15:00+05:30,253.0,253.75,249.10000610351562,250.89999389648438,450178.0,0.0,0
2021-03-10 10:15:00+05:30,251.0,253.39999389648438,250.6999969482422,251.5,327836.0,0.0,0
2021-03-10 11:15:00+05:30,251.64999389648438,252.14999389648438,249.39999389648438,250.4499969482422,139998.0,0.0,0
2021-03-10 12:15:00+05:30,250.5,251.75,250.14999389648438,251.60000610351562,81784.0,0.0,0
2021-03-10 13:15:00+05:30,251.6999969482422,252.10000610351562,251.10000610351562,251.85000610351562,111212.0,0.0,0
2021-03-10 14:15:00+05:30,251.85000610351562,254.9499969482422,251.64999389648438,254.8000030517578,325387.0,0.0,0
2021-03-10 15:15:00+05:30,254.9499969482422,255.89999389648438,254.6999969482422,254.8000030517578,261339.0,0.0,0
2021-03-12 09:15:00+05:30,257.0,259.95001220703125,255.14999389648438,259.70001220703125,0.0,0.0,0
2021-03-12 10:15:00+05:30,259.70001220703125,261.0,259.20001220703125,259.8500061035156,264917.0,0.0,0
2021-03-12 11:15:00+05:30,259.8500061035156,260.3999938964844,259.54998779296875,259.8500061035156,96606.0,0.0,0
2021-03-12 12:15:00+05:30,259.95001220703125,259.95001220703125,257.6499938964844,258.29998779296875,160907.0,0.0,0
2021-03-12 13:15:00+05:30,258.29998779296875,258.3999938964844,254.14999389648438,254.14999389648438,285484.0,0.0,0
2021-03-12 14:15:00+05:30,254.4499969482422,255.35000610351562,252.1999969482422,253.60000610351562,460633.0,0.0,0
2021-03-12 15:15:00+05:30,253.60000610351562,253.60000610351562,251.25,252.64999389648438,272862.0,0.0,0
2021-03-15 09:15:00+05:30,252.10000610351562,253.64999389648438,248.1999969482422,252.25,0.0,0.0,0
2021-03-15 10:15:00+05:30,252.25,253.4499969482422,251.5500030517578,252.5,180743.0,0.0,0
2021-03-15 11:15:00+05:30,252.35000610351562,253.85000610351562,251.60000610351562,253.25,137637.0,0.0,0
2021-03-15 12:15:00+05:30,253.39999389648438,254.35000610351562,252.25,253.0,123592.0,0.0,0
2021-03-15 13:15:00+05:30,253.0,254.8000030517578,252.5,253.75,111067.0,0.0,0
2021-03-15 14:15:00+05:30,253.9499969482422,254.8000030517578,253.39999389648438,254.8000030517578,216311.0,0.0,0
2021-03-15 15:15:00+05:30,254.8000030517578,255.8000030517578,254.60000610351562,254.8000030517578,230971.0,0.0,0
2021-03-16 09:15:00+05:30,257.04998779296875,264.79998779296875,256.75,263.1499938964844,817727.0,0.0,0
2021-03-16 10:15:00+05:30,263.1000061035156,263.79998779296875,260.3999938964844,261.0,719903.0,0.0,0
2021-03-16 11:15:00+05:30,261.1000061035156,261.1000061035156,258.1000061035156,260.1499938964844,537337.0,0.0,0
2021-03-16 12:15:00+05:30,260.0,261.5,259.45001220703125,260.8999938964844,223538.0,0.0,0
2021-03-16 13:15:00+05:30,260.8999938964844,262.95001220703125,260.29998779296875,261.95001220703125,316496.0,0.0,0
2021-03-16 14:15:00+05:30,261.95001220703125,263.20001220703125,261.79998779296875,262.75,814238.0,0.0,0
2021-03-16 15:15:00+05:30,262.75,263.1499938964844,261.20001220703125,262.8999938964844,592374.0,0.0,0
2021-03-17 09:15:00+05:30,263.04998779296875,263.04998779296875,256.04998779296875,256.70001220703125,0.0,0.0,0
2021-03-17 10:15:00+05:30,256.70001220703125,261.70001220703125,255.35000610351562,261.3500061035156,420088.0,0.0,0
2021-03-17 11:15:00+05:30,261.3999938964844,262.3999938964844,260.70001220703125,261.0,193461.0,0.0,0
2021-03-17 12:15:00+05:30,261.0,261.5,258.5,259.6499938964844,420954.0,0.0,0
2021-03-17 13:15:00+05:30,259.6499938964844,260.0,255.10000610351562,255.5500030517578,153811.0,0.0,0
2021-03-17 14:15:00+05:30,255.60000610351562,255.60000610351562,253.5,253.75,349515.0,0.0,0
2021-03-17 15:15:00+05:30,253.64999389648438,254.9499969482422,253.64999389648438,254.5,180063.0,0.0,0
2021-03-18 09:15:00+05:30,256.45001220703125,260.6000061035156,255.25,258.6000061035156,0.0,0.0,0
2021-03-18 10:15:00+05:30,258.6000061035156,260.3999938964844,258.0,259.75,276740.0,0.0,0
2021-03-18 11:15:00+05:30,259.6499938964844,263.25,259.54998779296875,263.04998779296875,669926.0,0.0,0
2021-03-18 12:15:00+05:30,262.95001220703125,263.04998779296875,259.54998779296875,260.29998779296875,485616.0,0.0,0
2021-03-18 13:15:00+05:30,260.3500061035156,260.45001220703125,257.0,257.20001220703125,546463.0,0.0,0
2021-03-18 14:15:00+05:30,257.20001220703125,260.25,255.39999389648438,255.9499969482422,864518.0,0.0,0
2021-03-18 15:15:00+05:30,256.0,257.45001220703125,254.4499969482422,256.1499938964844,384958.0,0.0,0
2021-03-19 09:15:00+05:30,252.5,254.85000610351562,242.14999389648438,254.39999389648438,0.0,0.0,0
2021-03-19 10:15:00+05:30,254.5,257.79998779296875,252.75,254.5500030517578,583860.0,0.0,0
2021-03-19 11:15:00+05:30,254.6999969482422,258.79998779296875,252.60000610351562,257.20001220703125,690274.0,0.0,0
2021-03-19 12:15:00+05:30,257.5,258.45001220703125,256.6000061035156,257.70001220703125,401181.0,0.0,0
2021-03-19 13:15:00+05:30,257.70001220703125,262.8500061035156,256.8999938964844,261.6000061035156,682391.0,0.0,0
2021-03-19 14:15:00+05:30,261.6000061035156,266.70001220703125,260.29998779296875,264.5,11501409.0,0.0,0
2021-03-19 15:15:00+05:30,264.5,265.5,257.3999938964844,259.0,9586216.0,0.0,0
2021-03-22 09:15:00+05:30,257.1000061035156,261.0,257.1000061035156,260.6499938964844,0.0,0.0,0
2021-03-22 10:15:00+05:30,260.6499938964844,260.79998779296875,259.29998779296875,259.75,318204.0,0.0,0
2021-03-22 11:15:00+05:30,259.75,261.0,258.6000061035156,258.8500061035156,333406.0,0.0,0
2021-03-22 12:15:00+05:30,258.8500061035156,260.1000061035156,258.0,259.70001220703125,315566.0,0.0,0
2021-03-22 13:15:00+05:30,259.8999938964844,259.8999938964844,257.75,258.3500061035156,388392.0,0.0,0
2021-03-22 14:15:00+05:30,258.5,258.95001220703125,256.70001220703125,258.04998779296875,722859.0,0.0,0
2021-03-22 15:15:00+05:30,258.04998779296875,258.3999938964844,257.1000061035156,257.75,397642.0,0.0,0
2021-03-23 09:15:00+05:30,258.29998779296875,262.70001220703125,258.04998779296875,262.54998779296875,0.0,0.0,0
2021-03-23 10:15:00+05:30,262.54998779296875,262.6499938964844,258.70001220703125,259.1000061035156,197712.0,0.0,0
2021-03-23 11:15:00+05:30,259.1000061035156,259.1000061035156,256.04998779296875,256.3999938964844,211133.0,0.0,0
2021-03-23 12:15:00+05:30,256.45001220703125,257.70001220703125,255.0,256.0,146066.0,0.0,0
2021-03-23 13:15:00+05:30,256.5,256.75,254.8000030517578,255.9499969482422,119623.0,0.0,0
2021-03-23 14:15:00+05:30,256.0,258.0,255.0500030517578,255.10000610351562,696786.0,0.0,0
2021-03-23 15:15:00+05:30,255.25,255.25,254.35000610351562,255.14999389648438,234984.0,0.0,0
2021-03-24 09:15:00+05:30,254.0,254.4499969482422,250.25,251.0,0.0,0.0,0
2021-03-24 10:15:00+05:30,251.0,251.0,247.6999969482422,248.60000610351562,212502.0,0.0,0
2021-03-24 11:15:00+05:30,248.60000610351562,249.85000610351562,248.14999389648438,249.60000610351562,91337.0,0.0,0
2021-03-24 12:15:00+05:30,249.5500030517578,250.39999389648438,248.64999389648438,248.9499969482422,57524.0,0.0,0
2021-03-24 13:15:00+05:30,248.8000030517578,250.35000610351562,248.64999389648438,250.14999389648438,86023.0,0.0,0
2021-03-24 14:15:00+05:30,250.14999389648438,251.1999969482422,247.25,247.3000030517578,270995.0,0.0,0
2021-03-24 15:15:00+05:30,247.35000610351562,248.6999969482422,246.5500030517578,248.5,170157.0,0.0,0
2021-03-25 09:15:00+05:30,249.3000030517578,249.8000030517578,244.10000610351562,245.3000030517578,0.0,0.0,0
2021-03-25 10:15:00+05:30,245.14999389648438,245.3000030517578,240.0,241.10000610351562,204859.0,0.0,0
2021-03-25 11:15:00+05:30,241.10000610351562,243.10000610351562,240.5,241.64999389648438,178746.0,0.0,0
2021-03-25 12:15:00+05:30,241.60000610351562,242.35000610351562,240.0,241.60000610351562,160239.0,0.0,0
2021-03-25 13:15:00+05:30,241.60000610351562,243.3000030517578,241.35000610351562,242.39999389648438,224048.0,0.0,0
2021-03-25 14:15:00+05:30,242.5,244.5500030517578,240.10000610351562,240.14999389648438,398749.0,0.0,0
2021-03-25 15:15:00+05:30,240.25,241.25,239.75,241.0,274041.0,0.0,0
2021-03-26 09:15:00+05:30,243.8000030517578,247.5500030517578,243.14999389648438,244.8000030517578,386078.0,0.0,0
2021-03-26 10:15:00+05:30,244.89999389648438,246.1999969482422,242.25,245.64999389648438,243650.0,0.0,0
2021-03-26 11:15:00+05:30,245.64999389648438,246.64999389648438,244.4499969482422,244.64999389648438,144415.0,0.0,0
2021-03-26 12:15:00+05:30,244.64999389648438,246.14999389648438,244.25,245.89999389648438,65401.0,0.0,0
2021-03-26 13:15:00+05:30,245.85000610351562,246.0,244.35000610351562,245.0,68247.0,0.0,0
2021-03-26 14:15:00+05:30,244.9499969482422,245.35000610351562,235.35000610351562,239.5,866977.0,0.0,0
2021-03-26 15:15:00+05:30,239.25,240.89999389648438,238.0,240.8000030517578,231589.0,0.0,0
2021-03-30 09:15:00+05:30,241.25,258.3999938964844,241.25,257.6000061035156,522407.0,0.0,0
2021-03-30 10:15:00+05:30,257.6000061035156,261.70001220703125,255.85000610351562,260.25,1417716.0,0.0,0
2021-03-30 11:15:00+05:30,260.29998779296875,261.0,258.70001220703125,259.70001220703125,682186.0,0.0,0
2021-03-30 12:15:00+05:30,259.75,260.95001220703125,258.1000061035156,259.25,582235.0,0.0,0
2021-03-30 13:15:00+05:30,259.25,259.25,257.1000061035156,258.1499938964844,546570.0,0.0,0
2021-03-30 14:15:00+05:30,258.04998779296875,259.1499938964844,252.5,253.6999969482422,1531506.0,0.0,0
2021-03-30 15:15:00+05:30,253.60000610351562,255.4499969482422,252.14999389648438,254.60000610351562,777527.0,0.0,0
2021-03-31 09:15:00+05:30,253.9499969482422,255.6999969482422,250.39999389648438,252.25,0.0,0.0,0
2021-03-31 10:15:00+05:30,252.25,252.60000610351562,248.0500030517578,249.10000610351562,658815.0,0.0,0
2021-03-31 11:15:00+05:30,249.10000610351562,249.1999969482422,247.10000610351562,247.25,424630.0,0.0,0
2021-03-31 12:15:00+05:30,247.35000610351562,247.89999389648438,246.3000030517578,247.39999389648438,403827.0,0.0,0
2021-03-31 13:15:00+05:30,247.39999389648438,247.39999389648438,243.5500030517578,244.64999389648438,657906.0,0.0,0
2021-03-31 14:15:00+05:30,244.6999969482422,247.1999969482422,243.8000030517578,244.60000610351562,1072243.0,0.0,0
2021-03-31 15:15:00+05:30,244.60000610351562,246.0,244.5500030517578,245.0,481901.0,0.0,0
2021-04-01 09:15:00+05:30,247.5500030517578,251.60000610351562,247.0500030517578,250.6999969482422,0.0,0.0,0
2021-04-01 10:15:00+05:30,250.6999969482422,251.14999389648438,247.5500030517578,248.85000610351562,441216.0,0.0,0
2021-04-01 11:15:00+05:30,248.89999389648438,249.89999389648438,248.0,249.0,303179.0,0.0,0
2021-04-01 12:15:00+05:30,248.89999389648438,249.5500030517578,246.8000030517578,249.25,482459.0,0.0,0
2021-04-01 13:15:00+05:30,249.14999389648438,252.85000610351562,248.39999389648438,251.64999389648438,417997.0,0.0,0
2021-04-01 14:15:00+05:30,251.6999969482422,256.5,251.4499969482422,256.04998779296875,754937.0,0.0,0
2021-04-01 15:15:00+05:30,256.1000061035156,256.79998779296875,254.14999389648438,254.5,261714.0,0.0,0
2021-04-05 09:15:00+05:30,256.25,256.25,250.3000030517578,250.5500030517578,0.0,0.0,0
2021-04-05 10:15:00+05:30,250.60000610351562,251.0,246.89999389648438,247.0,189120.0,0.0,0
2021-04-05 11:15:00+05:30,247.0,248.39999389648438,245.39999389648438,247.6999969482422,169926.0,0.0,0
2021-04-05 12:15:00+05:30,247.5,249.0,247.0,247.75,100134.0,0.0,0
2021-04-05 13:15:00+05:30,247.64999389648438,250.75,247.0500030517578,250.5,115722.0,0.0,0
2021-04-05 14:15:00+05:30,250.35000610351562,252.0,249.39999389648438,251.8000030517578,130070.0,0.0,0
2021-04-05 15:15:00+05:30,251.60000610351562,253.0,250.64999389648438,251.8000030517578,109124.0,0.0,0
2021-04-06 09:15:00+05:30,251.8000030517578,253.3000030517578,248.25,252.0,0.0,0.0,0
2021-04-06 10:15:00+05:30,252.1999969482422,252.75,251.1999969482422,252.4499969482422,122964.0,0.0,0
2021-04-06 11:15:00+05:30,252.4499969482422,253.3000030517578,251.60000610351562,252.9499969482422,94103.0,0.0,0
2021-04-06 12:15:00+05:30,253.0,254.75,251.85000610351562,252.0,333988.0,0.0,0
2021-04-06 13:15:00+05:30,252.0,252.75,250.10000610351562,252.0,189745.0,0.0,0
2021-04-06 14:15:00+05:30,252.0,252.25,250.0,250.4499969482422,335375.0,0.0,0
2021-04-06 15:15:00+05:30,250.4499969482422,252.10000610351562,250.4499969482422,251.0,170851.0,0.0,0
2021-04-07 09:15:00+05:30,251.85000610351562,254.4499969482422,250.5500030517578,252.89999389648438,0.0,0.0,0
2021-04-07 10:15:00+05:30,253.0500030517578,254.75,251.64999389648438,254.3000030517578,153678.0,0.0,0
2021-04-07 11:15:00+05:30,254.25,254.5,253.10000610351562,253.8000030517578,82258.0,0.0,0
2021-04-07 12:15:00+05:30,253.8000030517578,254.5500030517578,252.35000610351562,253.75,197623.0,0.0,0
2021-04-07 13:15:00+05:30,253.64999389648438,254.64999389648438,252.10000610351562,253.5,187507.0,0.0,0
2021-04-07 14:15:00+05:30,253.5500030517578,254.10000610351562,250.89999389648438,251.6999969482422,607005.0,0.0,0
2021-04-07 15:15:00+05:30,251.6999969482422,252.39999389648438,251.39999389648438,252.1999969482422,251741.0,0.0,0
2021-04-08 09:15:00+05:30,252.3000030517578,269.29998779296875,252.3000030517578,265.79998779296875,1415527.0,0.0,0
2021-04-08 10:15:00+05:30,265.6499938964844,268.20001220703125,263.1000061035156,266.79998779296875,1583942.0,0.0,0
2021-04-08 11:15:00+05:30,266.75,267.0,264.0,264.0,761815.0,0.0,0
2021-04-08 12:15:00+05:30,263.8500061035156,264.6499938964844,262.70001220703125,263.29998779296875,461952.0,0.0,0
2021-04-08 13:15:00+05:30,263.29998779296875,265.79998779296875,263.0,263.79998779296875,399980.0,0.0,0
2021-04-08 14:15:00+05:30,263.79998779296875,264.75,262.5,263.3500061035156,707591.0,0.0,0
2021-04-08 15:15:00+05:30,263.1499938964844,264.6000061035156,263.0,263.75,308231.0,0.0,0
2021-04-09 09:15:00+05:30,264.25,267.8999938964844,259.0,261.3500061035156,0.0,0.0,0
2021-04-09 10:15:00+05:30,261.3500061035156,261.5,259.70001220703125,260.0,167716.0,0.0,0
2021-04-09 11:15:00+05:30,259.8999938964844,263.0,259.75,262.20001220703125,449880.0,0.0,0
2021-04-09 12:15:00+05:30,262.1000061035156,262.5,260.25,260.5,105490.0,0.0,0
2021-04-09 13:15:00+05:30,260.5,260.5,255.14999389648438,255.60000610351562,452413.0,0.0,0
2021-04-09 14:15:00+05:30,255.60000610351562,258.0,255.60000610351562,256.6499938964844,631174.0,0.0,0
2021-04-09 15:15:00+05:30,256.6499938964844,257.5,256.3500061035156,256.75,227919.0,0.0,0
2021-04-12 09:15:00+05:30,252.0500030517578,252.0500030517578,242.5,244.9499969482422,0.0,0.0,0
2021-04-12 10:15:00+05:30,244.89999389648438,245.5,242.89999389648438,244.60000610351562,337884.0,0.0,0
2021-04-12 11:15:00+05:30,244.60000610351562,244.60000610351562,241.0,241.60000610351562,184247.0,0.0,0
2021-04-12 12:15:00+05:30,241.75,243.35000610351562,241.0,243.3000030517578,117171.0,0.0,0
2021-04-12 13:15:00+05:30,243.25,246.5500030517578,242.5,246.5500030517578,205786.0,0.0,0
2021-04-12 14:15:00+05:30,246.1999969482422,246.60000610351562,241.6999969482422,242.8000030517578,313986.0,0.0,0
2021-04-12 15:15:00+05:30,242.8000030517578,243.9499969482422,242.5,242.64999389648438,193736.0,0.0,0
2021-04-13 09:15:00+05:30,242.85000610351562,247.1999969482422,242.5,247.14999389648438,0.0,0.0,0
2021-04-13 10:15:00+05:30,247.14999389648438,247.35000610351562,242.89999389648438,242.89999389648438,334050.0,0.0,0
2021-04-13 11:15:00+05:30,243.10000610351562,243.9499969482422,242.0,242.3000030517578,198009.0,0.0,0
2021-04-13 12:15:00+05:30,242.25,245.4499969482422,242.10000610351562,243.5500030517578,176306.0,0.0,0
2021-04-13 13:15:00+05:30,243.5500030517578,245.5,243.0,244.89999389648438,138620.0,0.0,0
2021-04-13 14:15:00+05:30,245.0,245.64999389648438,243.89999389648438,245.10000610351562,288457.0,0.0,0
2021-04-13 15:15:00+05:30,245.10000610351562,245.5,244.4499969482422,244.6999969482422,188236.0,0.0,0
2021-04-15 09:15:00+05:30,245.3000030517578,247.1999969482422,242.25,244.75,0.0,0.0,0
2021-04-15 10:15:00+05:30,244.64999389648438,245.8000030517578,242.5500030517578,243.1999969482422,231046.0,0.0,0
2021-04-15 11:15:00+05:30,243.25,246.0,243.10000610351562,245.4499969482422,85079.0,0.0,0
2021-04-15 12:15:00+05:30,245.5,245.75,244.3000030517578,244.6999969482422,59390.0,0.0,0
2021-04-15 13:15:00+05:30,244.6999969482422,249.89999389648438,244.60000610351562,248.35000610351562,263013.0,0.0,0
2021-04-15 14:15:00+05:30,248.35000610351562,252.8000030517578,247.0,252.39999389648438,554160.0,0.0,0
2021-04-15 15:15:00+05:30,252.5,252.5,251.0,251.5,383925.0,0.0,0
2021-04-16 09:15:00+05:30,253.60000610351562,261.5,253.1999969482422,260.6000061035156,0.0,0.0,0
2021-04-16 10:15:00+05:30,260.75,262.5,258.0,261.75,719432.0,0.0,0
2021-04-16 11:15:00+05:30,261.70001220703125,263.5,261.0,261.70001220703125,945375.0,0.0,0
2021-04-16 12:15:00+05:30,261.6000061035156,261.95001220703125,259.3999938964844,260.54998779296875,412522.0,0.0,0
2021-04-16 13:15:00+05:30,260.5,260.8999938964844,257.6499938964844,258.3999938964844,386521.0,0.0,0
2021-04-16 14:15:00+05:30,258.3999938964844,261.70001220703125,258.04998779296875,259.1000061035156,626325.0,0.0,0
2021-04-16 15:15:00+05:30,259.20001220703125,260.1000061035156,258.04998779296875,258.6000061035156,263883.0,0.0,0
2021-04-19 09:15:00+05:30,253.6999969482422,253.9499969482422,248.5,250.64999389648438,0.0,0.0,0
2021-04-19 10:15:00+05:30,250.60000610351562,251.64999389648438,249.25,250.8000030517578,246542.0,0.0,0
2021-04-19 11:15:00+05:30,250.8000030517578,251.14999389648438,249.6999969482422,250.1999969482422,120900.0,0.0,0
2021-04-19 12:15:00+05:30,250.1999969482422,251.89999389648438,249.0,251.0,251626.0,0.0,0
2021-04-19 13:15:00+05:30,251.0,254.8000030517578,251.0,251.89999389648438,407158.0,0.0,0
2021-04-19 14:15:00+05:30,251.89999389648438,254.1999969482422,250.5,253.5,409373.0,0.0,0
2021-04-19 15:15:00+05:30,253.39999389648438,253.89999389648438,251.64999389648438,253.0500030517578,236310.0,0.0,0
2021-04-20 09:15:00+05:30,255.5500030517578,265.3500061035156,255.5500030517578,263.25,0.0,0.0,0
2021-04-20 10:15:00+05:30,263.1499938964844,264.6000061035156,260.54998779296875,261.0,640850.0,0.0,0
2021-04-20 11:15:00+05:30,261.0,261.20001220703125,255.9499969482422,256.29998779296875,568534.0,0.0,0
2021-04-20 12:15:00+05:30,256.5,257.79998779296875,255.0500030517578,256.54998779296875,394128.0,0.0,0
2021-04-20 13:15:00+05:30,256.54998779296875,258.20001220703125,255.64999389648438,256.0,513508.0,0.0,0
2021-04-20 14:15:00+05:30,256.04998779296875,257.04998779296875,250.5500030517578,256.1000061035156,1217327.0,0.0,0
2021-04-20 15:15:00+05:30,256.1000061035156,257.45001220703125,254.9499969482422,255.9499969482422,404236.0,0.0,0
2021-04-22 09:15:00+05:30,255.0,258.3500061035156,249.1999969482422,256.3500061035156,0.0,0.0,0
2021-04-22 10:15:00+05:30,256.6000061035156,260.79998779296875,254.64999389648438,255.5,558811.0,0.0,0
2021-04-22 11:15:00+05:30,255.60000610351562,258.5,255.35000610351562,257.0,268258.0,0.0,0
2021-04-22 12:15:00+05:30,257.04998779296875,259.95001220703125,256.5,257.5,470948.0,0.0,0
2021-04-22 13:15:00+05:30,257.5,258.95001220703125,257.25,258.20001220703125,181398.0,0.0,0
2021-04-22 14:15:00+05:30,258.20001220703125,262.3999938964844,256.0,259.1499938964844,1147664.0,0.0,0
2021-04-22 15:15:00+05:30,258.79998779296875,262.0,258.79998779296875,260.45001220703125,353466.0,0.0,0
2021-04-23 09:15:00+05:30,261.3999938964844,268.20001220703125,254.5,257.20001220703125,429036.0,0.0,0
2021-04-23 10:15:00+05:30,256.75,259.0,255.0,257.1000061035156,984718.0,0.0,0
2021-04-23 11:15:00+05:30,257.04998779296875,257.8999938964844,256.5,257.54998779296875,358872.0,0.0,0
2021-04-23 12:15:00+05:30,257.45001220703125,259.1499938964844,256.3999938964844,258.0,442027.0,0.0,0
2021-04-23 13:15:00+05:30,257.8500061035156,258.5,255.5,255.85000610351562,397259.0,0.0,0
2021-04-23 14:15:00+05:30,255.85000610351562,256.20001220703125,251.4499969482422,251.8000030517578,1447876.0,0.0,0
2021-04-23 15:15:00+05:30,251.75,252.89999389648438,251.35000610351562,252.10000610351562,623034.0,0.0,0
2021-04-26 09:15:00+05:30,254.89999389648438,255.39999389648438,248.39999389648438,248.5,0.0,0.0,0
2021-04-26 10:15:00+05:30,248.5500030517578,248.89999389648438,247.5,248.5,315132.0,0.0,0
2021-04-26 11:15:00+05:30,248.60000610351562,249.60000610351562,248.0500030517578,248.5,218416.0,0.0,0
2021-04-26 12:15:00+05:30,248.4499969482422,248.85000610351562,247.60000610351562,248.3000030517578,154788.0,0.0,0
2021-04-26 13:15:00+05:30,248.25,248.9499969482422,247.8000030517578,248.0,171875.0,0.0,0
2021-04-26 14:15:00+05:30,248.0,248.8000030517578,247.5500030517578,248.39999389648438,321889.0,0.0,0
2021-04-26 15:15:00+05:30,248.1999969482422,248.64999389648438,247.1999969482422,248.10000610351562,261228.0,0.0,0
2021-04-27 09:15:00+05:30,250.10000610351562,257.5,249.35000610351562,255.8000030517578,0.0,0.0,0
2021-04-27 10:15:00+05:30,255.8000030517578,256.1499938964844,253.85000610351562,254.6999969482422,418365.0,0.0,0
2021-04-27 11:15:00+05:30,254.6999969482422,254.6999969482422,253.10000610351562,253.60000610351562,260363.0,0.0,0
2021-04-27 12:15:00+05:30,253.60000610351562,254.0,251.5500030517578,252.25,389424.0,0.0,0
2021-04-27 13:15:00+05:30,252.25,253.3000030517578,251.60000610351562,251.8000030517578,217533.0,0.0,0
2021-04-27 14:15:00+05:30,251.9499969482422,252.60000610351562,249.9499969482422,250.6999969482422,599943.0,0.0,0
2021-04-27 15:15:00+05:30,250.6999969482422,252.10000610351562,250.60000610351562,251.0,343806.0,0.0,0
2021-04-28 09:15:00+05:30,253.9499969482422,256.29998779296875,253.0,254.10000610351562,0.0,0.0,0
2021-04-28 10:15:00+05:30,254.25,254.64999389648438,252.60000610351562,253.60000610351562,199952.0,0.0,0
2021-04-28 11:15:00+05:30,253.64999389648438,254.0,252.0500030517578,253.8000030517578,274400.0,0.0,0
2021-04-28 12:15:00+05:30,253.85000610351562,255.1999969482422,253.35000610351562,254.89999389648438,217523.0,0.0,0
2021-04-28 13:15:00+05:30,254.89999389648438,255.5,254.6999969482422,255.39999389648438,199694.0,0.0,0
2021-04-28 14:15:00+05:30,255.3000030517578,256.1000061035156,255.0,255.8000030517578,359093.0,0.0,0
2021-04-28 15:15:00+05:30,255.85000610351562,256.20001220703125,255.60000610351562,255.60000610351562,146998.0,0.0,0
2021-04-29 09:15:00+05:30,258.3500061035156,261.54998779296875,252.60000610351562,253.3000030517578,0.0,0.0,0
2021-04-29 10:15:00+05:30,253.1999969482422,253.1999969482422,251.39999389648438,252.0,277235.0,0.0,0
2021-04-29 11:15:00+05:30,251.85000610351562,252.89999389648438,251.5500030517578,252.85000610351562,411298.0,0.0,0
2021-04-29 12:15:00+05:30,252.8000030517578,255.0,252.14999389648438,254.0,265667.0,0.0,0
2021-04-29 13:15:00+05:30,253.9499969482422,254.5,250.6999969482422,251.9499969482422,415852.0,0.0,0
2021-04-29 14:15:00+05:30,251.89999389648438,253.0,251.5,252.75,337113.0,0.0,0
2021-04-29 15:15:00+05:30,252.5500030517578,252.8000030517578,251.6999969482422,252.6999969482422,160817.0,0.0,0
2021-04-30 09:15:00+05:30,251.0,257.5,250.5,256.79998779296875,0.0,0.0,0
2021-04-30 10:15:00+05:30,257.0,257.79998779296875,255.0,255.8000030517578,203996.0,0.0,0
2021-04-30 11:15:00+05:30,255.64999389648438,256.5,255.0,255.10000610351562,104577.0,0.0,0
2021-04-30 12:15:00+05:30,255.39999389648438,256.95001220703125,255.3000030517578,255.5,96228.0,0.0,0
2021-04-30 13:15:00+05:30,255.4499969482422,256.04998779296875,252.60000610351562,253.89999389648438,235675.0,0.0,0
2021-04-30 14:15:00+05:30,253.75,254.85000610351562,251.9499969482422,252.0,390301.0,0.0,0
2021-04-30 15:15:00+05:30,252.0500030517578,253.5,251.89999389648438,252.5,330177.0,0.0,0
2021-05-03 09:15:00+05:30,252.35000610351562,254.8000030517578,250.5,254.25,0.0,0.0,0
2021-05-03 10:15:00+05:30,254.5,254.64999389648438,252.5500030517578,253.64999389648438,123126.0,0.0,0
2021-05-03 11:15:00+05:30,253.4499969482422,256.3999938964844,253.3000030517578,256.04998779296875,170212.0,0.0,0
2021-05-03 12:15:00+05:30,256.04998779296875,257.25,254.60000610351562,256.04998779296875,224552.0,0.0,0
2021-05-03 13:15:00+05:30,256.04998779296875,256.3500061035156,254.4499969482422,255.3000030517578,119434.0,0.0,0
2021-05-03 14:15:00+05:30,255.14999389648438,262.0,254.0500030517578,261.1499938964844,966216.0,0.0,0
2021-05-03 15:15:00+05:30,261.1499938964844,261.3500061035156,260.25,260.75,232013.0,0.0,0
2021-05-04 09:15:00+05:30,262.0,264.95001220703125,258.45001220703125,260.0,0.0,0.0,0
2021-05-04 10:15:00+05:30,260.1499938964844,261.5,259.29998779296875,260.0,130521.0,0.0,0
2021-05-04 11:15:00+05:30,259.95001220703125,259.95001220703125,257.29998779296875,257.95001220703125,152395.0,0.0,0
2021-05-04 12:15:00+05:30,258.1000061035156,258.25,254.14999389648438,254.1999969482422,217719.0,0.0,0
2021-05-04 13:15:00+05:30,254.39999389648438,255.0,252.8000030517578,254.75,223209.0,0.0,0
2021-05-04 14:15:00+05:30,254.6999969482422,255.25,252.0,253.5500030517578,404074.0,0.0,0
2021-05-04 15:15:00+05:30,253.4499969482422,253.5,252.35000610351562,253.0500030517578,194304.0,0.0,0
2021-05-05 09:15:00+05:30,256.5,256.5,252.6999969482422,253.5,0.0,0.0,0
2021-05-05 10:15:00+05:30,253.64999389648438,254.8000030517578,253.10000610351562,253.14999389648438,137942.0,0.0,0
2021-05-05 11:15:00+05:30,253.35000610351562,253.5500030517578,251.14999389648438,252.9499969482422,127878.0,0.0,0
2021-05-05 12:15:00+05:30,252.9499969482422,253.60000610351562,251.5,253.39999389648438,111573.0,0.0,0
2021-05-05 13:15:00+05:30,253.3000030517578,254.39999389648438,253.0,253.4499969482422,101856.0,0.0,0
2021-05-05 14:15:00+05:30,253.4499969482422,254.3000030517578,253.14999389648438,253.4499969482422,139850.0,0.0,0
2021-05-05 15:15:00+05:30,253.5,254.1999969482422,252.5500030517578,253.5,136249.0,0.0,0
2021-05-06 09:15:00+05:30,255.0,258.70001220703125,253.0,254.8000030517578,0.0,0.0,0
2021-05-06 10:15:00+05:30,254.85000610351562,257.75,253.5,256.79998779296875,371484.0,0.0,0
2021-05-06 11:15:00+05:30,256.54998779296875,258.3500061035156,256.45001220703125,258.1000061035156,247670.0,0.0,0
2021-05-06 12:15:00+05:30,258.1000061035156,259.0,257.70001220703125,258.95001220703125,201858.0,0.0,0
2021-05-06 13:15:00+05:30,259.0,259.20001220703125,256.3500061035156,256.75,287487.0,0.0,0
2021-05-06 14:15:00+05:30,256.79998779296875,259.70001220703125,256.70001220703125,259.29998779296875,317072.0,0.0,0
2021-05-06 15:15:00+05:30,259.25,259.79998779296875,258.20001220703125,258.20001220703125,315653.0,0.0,0
2021-05-07 09:15:00+05:30,259.70001220703125,259.95001220703125,254.8000030517578,256.29998779296875,0.0,0.0,0
2021-05-07 10:15:00+05:30,256.45001220703125,257.8500061035156,255.25,255.8000030517578,306674.0,0.0,0
2021-05-07 11:15:00+05:30,255.9499969482422,256.70001220703125,255.60000610351562,256.1000061035156,85773.0,0.0,0
2021-05-07 12:15:00+05:30,256.1000061035156,256.29998779296875,255.5,255.89999389648438,79160.0,0.0,0
2021-05-07 13:15:00+05:30,255.89999389648438,256.0,253.6999969482422,254.10000610351562,284010.0,0.0,0
2021-05-07 14:15:00+05:30,254.0,255.4499969482422,253.85000610351562,254.60000610351562,361568.0,0.0,0
2021-05-07 15:15:00+05:30,254.8000030517578,254.8000030517578,254.10000610351562,254.60000610351562,143774.0,0.0,0
2021-05-10 09:15:00+05:30,257.0,257.25,254.60000610351562,256.3500061035156,0.0,0.0,0
2021-05-10 10:15:00+05:30,256.3500061035156,257.70001220703125,256.0,256.45001220703125,183370.0,0.0,0
2021-05-10 11:15:00+05:30,256.45001220703125,257.04998779296875,255.35000610351562,256.25,212768.0,0.0,0
2021-05-10 12:15:00+05:30,256.3500061035156,257.3500061035156,256.20001220703125,256.8999938964844,96530.0,0.0,0
2021-05-10 13:15:00+05:30,257.0,257.5,256.45001220703125,257.1000061035156,92372.0,0.0,0
2021-05-10 14:15:00+05:30,257.20001220703125,258.0,256.0,256.8999938964844,190444.0,0.0,0
2021-05-10 15:15:00+05:30,257.1499938964844,258.3999938964844,256.8500061035156,257.1000061035156,150662.0,0.0,0
2021-05-11 09:15:00+05:30,257.8500061035156,263.5,255.5500030517578,259.75,18179.0,0.0,0
2021-05-11 10:15:00+05:30,259.8500061035156,262.3999938964844,259.20001220703125,260.79998779296875,648002.0,0.0,0
2021-05-11 11:15:00+05:30,260.6499938964844,262.0,260.0,260.54998779296875,391881.0,0.0,0
2021-05-11 12:15:00+05:30,260.45001220703125,261.29998779296875,258.3999938964844,259.0,484994.0,0.0,0
2021-05-11 13:15:00+05:30,259.04998779296875,259.04998779296875,255.0,255.5,631751.0,0.0,0
2021-05-11 14:15:00+05:30,255.60000610351562,256.8999938964844,255.0,256.8500061035156,550791.0,0.0,0
2021-05-11 15:15:00+05:30,256.8999938964844,257.20001220703125,256.29998779296875,256.5,178225.0,0.0,0
2021-05-12 09:15:00+05:30,256.8999938964844,256.8999938964844,252.6999969482422,253.89999389648438,654074.0,0.0,0
2021-05-12 10:15:00+05:30,253.89999389648438,255.9499969482422,253.25,254.0500030517578,301011.0,0.0,0
2021-05-12 11:15:00+05:30,254.0500030517578,254.89999389648438,253.5,254.1999969482422,126106.0,0.0,0
2021-05-12 12:15:00+05:30,254.1999969482422,254.5500030517578,253.5,254.25,265427.0,0.0,0
2021-05-12 13:15:00+05:30,254.25,254.39999389648438,253.14999389648438,253.39999389648438,405624.0,0.0,0
2021-05-12 14:15:00+05:30,253.3000030517578,254.3000030517578,250.14999389648438,252.0500030517578,562841.0,0.0,0
2021-05-12 15:15:00+05:30,252.3000030517578,252.35000610351562,251.0,252.0,200538.0,0.0,0
2021-05-14 09:15:00+05:30,252.6999969482422,253.4499969482422,246.0500030517578,246.14999389648438,0.0,0.0,0
2021-05-14 10:15:00+05:30,246.14999389648438,247.5,246.0,246.39999389648438,258486.0,0.0,0
2021-05-14 11:15:00+05:30,246.35000610351562,246.85000610351562,244.0,244.10000610351562,348848.0,0.0,0
2021-05-14 12:15:00+05:30,244.10000610351562,246.25,243.8000030517578,245.10000610351562,347589.0,0.0,0
2021-05-14 13:15:00+05:30,245.10000610351562,246.3000030517578,244.60000610351562,245.60000610351562,195887.0,0.0,0
2021-05-14 14:15:00+05:30,245.60000610351562,245.6999969482422,244.0,244.14999389648438,492677.0,0.0,0
2021-05-14 15:15:00+05:30,244.14999389648438,245.0,244.0,244.60000610351562,301130.0,0.0,0
2021-05-17 09:15:00+05:30,245.1999969482422,245.25,239.0,242.9499969482422,0.0,0.0,0
2021-05-17 10:15:00+05:30,242.9499969482422,242.9499969482422,241.5500030517578,242.5,261967.0,0.0,0
2021-05-17 11:15:00+05:30,242.39999389648438,243.5,242.10000610351562,242.6999969482422,381772.0,0.0,0
2021-05-17 12:15:00+05:30,242.6999969482422,243.5500030517578,241.6999969482422,241.85000610351562,475757.0,0.0,0
2021-05-17 13:15:00+05:30,241.8000030517578,242.75,240.5,242.0,456407.0,0.0,0
2021-05-17 14:15:00+05:30,242.0,244.0,241.0,243.75,688279.0,0.0,0
2021-05-17 15:15:00+05:30,243.64999389648438,244.0,242.9499969482422,243.9499969482422,390358.0,0.0,0
2021-05-18 09:15:00+05:30,244.9499969482422,245.85000610351562,242.0500030517578,244.39999389648438,0.0,0.0,0
2021-05-18 10:15:00+05:30,244.5500030517578,246.60000610351562,244.14999389648438,244.60000610351562,438385.0,0.0,0
2021-05-18 11:15:00+05:30,244.64999389648438,245.9499969482422,243.5,244.60000610351562,200942.0,0.0,0
2021-05-18 12:15:00+05:30,244.75,245.1999969482422,244.0,244.8000030517578,122932.0,0.0,0
2021-05-18 13:15:00+05:30,244.8000030517578,245.64999389648438,243.60000610351562,244.75,215366.0,0.0,0
2021-05-18 14:15:00+05:30,244.60000610351562,244.75,242.14999389648438,242.4499969482422,378702.0,0.0,0
2021-05-18 15:15:00+05:30,242.4499969482422,243.0,242.10000610351562,243.0,291687.0,0.0,0
2021-05-19 09:15:00+05:30,243.9499969482422,244.9499969482422,242.1999969482422,243.3000030517578,0.0,0.0,0
2021-05-19 10:15:00+05:30,243.39999389648438,243.75,242.0,243.39999389648438,197841.0,0.0,0
2021-05-19 11:15:00+05:30,243.39999389648438,243.75,242.5,243.4499969482422,96643.0,0.0,0
2021-05-19 12:15:00+05:30,243.5,244.4499969482422,242.35000610351562,242.9499969482422,180138.0,0.0,0
2021-05-19 13:15:00+05:30,242.85000610351562,243.10000610351562,242.10000610351562,242.6999969482422,94717.0,0.0,0
2021-05-19 14:15:00+05:30,242.6999969482422,244.39999389648438,242.35000610351562,243.9499969482422,421248.0,0.0,0
2021-05-19 15:15:00+05:30,243.9499969482422,243.9499969482422,242.6999969482422,243.64999389648438,227873.0,0.0,0
2021-05-20 09:15:00+05:30,244.64999389648438,245.85000610351562,241.89999389648438,243.85000610351562,0.0,0.0,0
2021-05-20 10:15:00+05:30,243.85000610351562,244.10000610351562,242.8000030517578,243.4499969482422,226525.0,0.0,0
2021-05-20 11:15:00+05:30,243.5,244.5,243.39999389648438,244.25,192702.0,0.0,0
2021-05-20 12:15:00+05:30,244.35000610351562,245.10000610351562,243.64999389648438,245.0,214286.0,0.0,0
2021-05-20 13:15:00+05:30,245.0,246.75,244.75,245.9499969482422,403110.0,0.0,0
2021-05-20 14:15:00+05:30,245.89999389648438,246.0,243.0500030517578,243.8000030517578,653046.0,0.0,0
2021-05-20 15:15:00+05:30,243.8000030517578,243.89999389648438,242.5500030517578,243.0,390469.0,0.0,0
2021-05-21 09:15:00+05:30,244.0,245.5,242.35000610351562,244.8000030517578,0.0,0.0,0
2021-05-21 10:15:00+05:30,244.60000610351562,245.9499969482422,243.8000030517578,244.3000030517578,299663.0,0.0,0
2021-05-21 11:15:00+05:30,244.3000030517578,245.64999389648438,244.3000030517578,245.10000610351562,168852.0,0.0,0
2021-05-21 12:15:00+05:30,245.10000610351562,245.5500030517578,244.10000610351562,245.3000030517578,181315.0,0.0,0
2021-05-21 13:15:00+05:30,245.35000610351562,245.9499969482422,244.85000610351562,245.5500030517578,152665.0,0.0,0
2021-05-21 14:15:00+05:30,245.64999389648438,246.35000610351562,245.0,245.14999389648438,391377.0,0.0,0
2021-05-21 15:15:00+05:30,245.14999389648438,245.39999389648438,244.85000610351562,245.14999389648438,172575.0,0.0,0
2021-05-24 09:15:00+05:30,244.4499969482422,245.89999389648438,243.60000610351562,243.9499969482422,0.0,0.0,0
2021-05-24 10:15:00+05:30,243.9499969482422,244.75,243.35000610351562,243.8000030517578,285608.0,0.0,0
2021-05-24 11:15:00+05:30,243.8000030517578,244.35000610351562,242.5500030517578,242.60000610351562,270304.0,0.0,0
2021-05-24 12:15:00+05:30,242.64999389648438,243.0500030517578,242.25,242.60000610351562,328932.0,0.0,0
2021-05-24 13:15:00+05:30,242.5,242.8000030517578,242.0500030517578,242.10000610351562,371869.0,0.0,0
2021-05-24 14:15:00+05:30,242.10000610351562,242.60000610351562,241.64999389648438,241.6999969482422,600892.0,0.0,0
2021-05-24 15:15:00+05:30,241.89999389648438,242.4499969482422,241.60000610351562,242.3000030517578,226675.0,0.0,0
2021-05-25 09:15:00+05:30,242.9499969482422,244.35000610351562,242.60000610351562,243.39999389648438,0.0,0.0,0
2021-05-25 10:15:00+05:30,243.39999389648438,243.60000610351562,242.5,242.85000610351562,102137.0,0.0,0
2021-05-25 11:15:00+05:30,242.8000030517578,243.25,242.5,242.75,90728.0,0.0,0
2021-05-25 12:15:00+05:30,242.6999969482422,242.8000030517578,241.5500030517578,242.0,201995.0,0.0,0
2021-05-25 13:15:00+05:30,241.9499969482422,242.6999969482422,241.89999389648438,242.10000610351562,188597.0,0.0,0
2021-05-25 14:15:00+05:30,242.14999389648438,243.0,241.5,241.5500030517578,301378.0,0.0,0
2021-05-25 15:15:00+05:30,241.5500030517578,242.10000610351562,241.5,242.0,175977.0,0.0,0
2021-05-26 09:15:00+05:30,242.10000610351562,243.3000030517578,241.5,242.10000610351562,0.0,0.0,0
2021-05-26 10:15:00+05:30,242.10000610351562,242.85000610351562,242.0500030517578,242.5500030517578,137947.0,0.0,0
2021-05-26 11:15:00+05:30,242.5500030517578,242.75,242.10000610351562,242.5500030517578,82881.0,0.0,0
2021-05-26 12:15:00+05:30,242.5500030517578,242.89999389648438,241.60000610351562,241.6999969482422,140823.0,0.0,0
2021-05-26 13:15:00+05:30,241.64999389648438,242.5,241.60000610351562,241.89999389648438,139715.0,0.0,0
2021-05-26 14:15:00+05:30,241.89999389648438,242.35000610351562,241.10000610351562,241.39999389648438,324812.0,0.0,0
2021-05-26 15:15:00+05:30,241.39999389648438,241.6999969482422,241.14999389648438,241.4499969482422,165565.0,0.0,0
2021-05-27 09:15:00+05:30,241.5,243.39999389648438,240.5,241.25,0.0,0.0,0
2021-05-27 10:15:00+05:30,241.25,241.4499969482422,239.35000610351562,240.4499969482422,330201.0,0.0,0
2021-05-27 11:15:00+05:30,240.5,240.64999389648438,239.0500030517578,239.4499969482422,289406.0,0.0,0
2021-05-27 12:15:00+05:30,239.4499969482422,239.89999389648438,238.60000610351562,239.3000030517578,282548.0,0.0,0
2021-05-27 13:15:00+05:30,239.35000610351562,239.60000610351562,239.0,239.3000030517578,154948.0,0.0,0
2021-05-27 14:15:00+05:30,239.1999969482422,242.8000030517578,238.6999969482422,242.60000610351562,1399613.0,0.0,0
2021-05-27 15:15:00+05:30,242.60000610351562,244.75,242.60000610351562,242.60000610351562,1128764.0,0.0,0
2021-05-28 09:15:00+05:30,244.25,245.1999969482422,243.0500030517578,244.39999389648438,0.0,0.0,0
2021-05-28 10:15:00+05:30,244.35000610351562,245.0,243.6999969482422,243.85000610351562,211638.0,0.0,0
2021-05-28 11:15:00+05:30,243.8000030517578,244.39999389648438,243.5500030517578,243.8000030517578,67366.0,0.0,0
2021-05-28 12:15:00+05:30,243.8000030517578,243.89999389648438,243.0500030517578,243.5,71041.0,0.0,0
2021-05-28 13:15:00+05:30,243.5,244.5,243.14999389648438,243.3000030517578,110749.0,0.0,0
2021-05-28 14:15:00+05:30,243.35000610351562,243.5,241.14999389648438,242.5,342263.0,0.0,0
2021-05-28 15:15:00+05:30,242.5,242.6999969482422,241.5,241.8000030517578,158454.0,0.0,0
2021-05-31 09:15:00+05:30,242.0,243.8000030517578,242.0,242.6999969482422,0.0,0.0,0
2021-05-31 10:15:00+05:30,242.6999969482422,244.35000610351562,242.14999389648438,243.1999969482422,287282.0,0.0,0
2021-05-31 11:15:00+05:30,243.1999969482422,244.5500030517578,243.0500030517578,243.25,160015.0,0.0,0
2021-05-31 12:15:00+05:30,243.1999969482422,244.0,243.0,243.14999389648438,68297.0,0.0,0
2021-05-31 13:15:00+05:30,243.25,243.39999389648438,242.6999969482422,243.14999389648438,103818.0,0.0,0
2021-05-31 14:15:00+05:30,243.3000030517578,243.75,240.64999389648438,242.1999969482422,465589.0,0.0,0
2021-05-31 15:15:00+05:30,242.1999969482422,242.8000030517578,241.89999389648438,242.5,125736.0,0.0,0
2021-06-01 09:15:00+05:30,242.5500030517578,243.0,241.60000610351562,242.0,0.0,0.0,0
2021-06-01 10:15:00+05:30,241.89999389648438,242.14999389648438,239.85000610351562,239.9499969482422,188399.0,0.0,0
2021-06-01 11:15:00+05:30,240.0,241.10000610351562,238.85000610351562,240.0500030517578,205966.0,0.0,0
2021-06-01 12:15:00+05:30,240.0500030517578,240.3000030517578,239.5500030517578,239.6999969482422,72285.0,0.0,0
2021-06-01 13:15:00+05:30,239.75,240.5,239.64999389648438,240.1999969482422,112322.0,0.0,0
2021-06-01 14:15:00+05:30,240.14999389648438,242.25,240.0500030517578,242.0,264543.0,0.0,0
2021-06-01 15:15:00+05:30,241.9499969482422,242.0,241.0500030517578,241.39999389648438,73939.0,0.0,0
2021-06-02 09:15:00+05:30,241.60000610351562,242.10000610351562,240.64999389648438,241.10000610351562,0.0,0.0,0
2021-06-02 10:15:00+05:30,241.0,241.5500030517578,240.10000610351562,241.0,189278.0,0.0,0
2021-06-02 11:15:00+05:30,241.0,241.5,240.5,240.6999969482422,94130.0,0.0,0
2021-06-02 12:15:00+05:30,240.6999969482422,241.8000030517578,240.3000030517578,241.5,179808.0,0.0,0
2021-06-02 13:15:00+05:30,241.5,241.9499969482422,240.64999389648438,240.89999389648438,193635.0,0.0,0
2021-06-02 14:15:00+05:30,240.75,241.89999389648438,240.6999969482422,241.60000610351562,339478.0,0.0,0
2021-06-02 15:15:00+05:30,241.64999389648438,241.85000610351562,241.25,241.5,113389.0,0.0,0
2021-06-03 09:15:00+05:30,242.5,243.75,242.3000030517578,242.75,0.0,0.0,0
2021-06-03 10:15:00+05:30,242.75,244.89999389648438,242.35000610351562,244.39999389648438,253857.0,0.0,0
2021-06-03 11:15:00+05:30,244.39999389648438,246.9499969482422,244.10000610351562,244.75,574875.0,0.0,0
2021-06-03 12:15:00+05:30,244.75,245.85000610351562,244.5500030517578,245.6999969482422,98418.0,0.0,0
2021-06-03 13:15:00+05:30,245.8000030517578,246.1999969482422,245.0,245.5,173412.0,0.0,0
2021-06-03 14:15:00+05:30,245.5,247.0,245.0500030517578,246.5500030517578,265022.0,0.0,0
2021-06-03 15:15:00+05:30,246.5,246.5500030517578,245.64999389648438,246.39999389648438,108672.0,0.0,0
2021-06-04 09:15:00+05:30,247.35000610351562,247.60000610351562,244.60000610351562,245.75,0.0,0.0,0
2021-06-04 10:15:00+05:30,245.75,246.3000030517578,244.5,245.75,355870.0,0.0,0
2021-06-04 11:15:00+05:30,245.5,247.4499969482422,245.0,246.60000610351562,261872.0,0.0,0
2021-06-04 12:15:00+05:30,246.8000030517578,248.89999389648438,245.89999389648438,248.25,597681.0,0.0,0
2021-06-04 13:15:00+05:30,248.14999389648438,248.75,246.3000030517578,247.39999389648438,325674.0,0.0,0
2021-06-04 14:15:00+05:30,247.25,248.8000030517578,246.5500030517578,248.6999969482422,415852.0,0.0,0
2021-06-04 15:15:00+05:30,248.75,248.89999389648438,247.60000610351562,247.89999389648438,155381.0,0.0,0
2021-06-07 09:15:00+05:30,249.4499969482422,253.0,247.6999969482422,251.0,0.0,0.0,0
2021-06-07 10:15:00+05:30,251.0,255.60000610351562,250.5,253.75,1005090.0,0.0,0
2021-06-07 11:15:00+05:30,253.6999969482422,255.35000610351562,253.60000610351562,253.85000610351562,627923.0,0.0,0
2021-06-07 12:15:00+05:30,253.89999389648438,254.39999389648438,252.4499969482422,252.89999389648438,375588.0,0.0,0
2021-06-07 13:15:00+05:30,253.25,254.5,252.5500030517578,253.10000610351562,357726.0,0.0,0
2021-06-07 14:15:00+05:30,253.10000610351562,253.64999389648438,251.75,252.5500030517578,439679.0,0.0,0
2021-06-07 15:15:00+05:30,252.5500030517578,252.6999969482422,252.1999969482422,252.5,233777.0,0.0,0
2021-06-08 09:15:00+05:30,253.5,256.0,252.5500030517578,254.8000030517578,0.0,0.0,0
2021-06-08 10:15:00+05:30,254.89999389648438,258.3999938964844,254.5500030517578,257.75,709423.0,0.0,0
2021-06-08 11:15:00+05:30,257.6499938964844,258.0,256.3999938964844,257.3999938964844,397348.0,0.0,0
2021-06-08 12:15:00+05:30,257.45001220703125,259.3999938964844,256.79998779296875,258.04998779296875,676568.0,0.0,0
2021-06-08 13:15:00+05:30,258.1000061035156,258.75,257.5,258.0,356571.0,0.0,0
2021-06-08 14:15:00+05:30,258.0,258.0,256.8999938964844,257.79998779296875,395506.0,0.0,0
2021-06-08 15:15:00+05:30,257.79998779296875,258.0,257.1000061035156,257.25,171212.0,0.0,0
2021-06-09 09:15:00+05:30,259.45001220703125,259.45001220703125,256.3500061035156,257.45001220703125,0.0,0.0,0
2021-06-09 10:15:00+05:30,257.45001220703125,258.25,255.89999389648438,256.0,265388.0,0.0,0
2021-06-09 11:15:00+05:30,256.1499938964844,257.1000061035156,255.0,256.5,330560.0,0.0,0
2021-06-09 12:15:00+05:30,256.5,256.75,251.60000610351562,251.6999969482422,374166.0,0.0,0
2021-06-09 13:15:00+05:30,251.6999969482422,253.14999389648438,250.5500030517578,252.60000610351562,283064.0,0.0,0
2021-06-09 14:15:00+05:30,252.6999969482422,252.6999969482422,249.5500030517578,251.35000610351562,519045.0,0.0,0
2021-06-09 15:15:00+05:30,251.35000610351562,252.75,250.9499969482422,251.5,262046.0,0.0,0
2021-06-10 09:15:00+05:30,254.0,255.35000610351562,252.39999389648438,254.5,0.0,0.0,0
2021-06-10 10:15:00+05:30,254.5,255.5,253.8000030517578,254.64999389648438,161979.0,0.0,0
2021-06-10 11:15:00+05:30,254.64999389648438,255.14999389648438,254.3000030517578,254.85000610351562,69272.0,0.0,0
2021-06-10 12:15:00+05:30,254.85000610351562,255.39999389648438,253.14999389648438,253.75,79712.0,0.0,0
2021-06-10 13:15:00+05:30,253.64999389648438,254.4499969482422,253.0500030517578,253.3000030517578,77825.0,0.0,0
2021-06-10 14:15:00+05:30,253.39999389648438,254.9499969482422,252.64999389648438,254.60000610351562,325615.0,0.0,0
2021-06-10 15:15:00+05:30,254.60000610351562,254.60000610351562,253.8000030517578,254.5,129970.0,0.0,0
2021-06-11 09:15:00+05:30,255.85000610351562,256.5,253.64999389648438,254.0,0.0,0.0,0
2021-06-11 10:15:00+05:30,253.89999389648438,254.6999969482422,253.0500030517578,254.35000610351562,83695.0,0.0,0
2021-06-11 11:15:00+05:30,254.25,254.35000610351562,252.60000610351562,252.85000610351562,58486.0,0.0,0
2021-06-11 12:15:00+05:30,252.85000610351562,255.60000610351562,252.64999389648438,254.60000610351562,114395.0,0.0,0
2021-06-11 13:15:00+05:30,254.64999389648438,254.85000610351562,253.5500030517578,253.9499969482422,74911.0,0.0,0
2021-06-11 14:15:00+05:30,253.9499969482422,256.25,253.25,255.9499969482422,229546.0,0.0,0
2021-06-11 15:15:00+05:30,255.9499969482422,256.0,255.0,255.14999389648438,223918.0,0.0,0
2021-06-14 09:15:00+05:30,255.6999969482422,255.6999969482422,250.0,251.25,0.0,0.0,0
2021-06-14 10:15:00+05:30,251.25,252.25,250.6999969482422,251.4499969482422,86819.0,0.0,0
2021-06-14 11:15:00+05:30,251.35000610351562,253.25,251.0500030517578,253.14999389648438,64929.0,0.0,0
2021-06-14 12:15:00+05:30,253.25,254.25,252.5,252.64999389648438,73349.0,0.0,0
2021-06-14 13:15:00+05:30,252.5,254.3000030517578,252.35000610351562,254.0,134616.0,0.0,0
2021-06-14 14:15:00+05:30,253.9499969482422,255.3000030517578,253.4499969482422,254.85000610351562,178778.0,0.0,0
2021-06-14 15:15:00+05:30,254.8000030517578,254.89999389648438,254.39999389648438,254.6999969482422,73265.0,0.0,0
2021-06-15 09:15:00+05:30,255.25,256.3999938964844,253.10000610351562,254.10000610351562,0.0,0.0,0
2021-06-15 10:15:00+05:30,254.35000610351562,254.35000610351562,253.1999969482422,253.5,93629.0,0.0,0
2021-06-15 11:15:00+05:30,253.5,253.89999389648438,252.60000610351562,253.85000610351562,136490.0,0.0,0
2021-06-15 12:15:00+05:30,253.64999389648438,254.39999389648438,253.39999389648438,254.14999389648438,79197.0,0.0,0
2021-06-15 13:15:00+05:30,254.1999969482422,254.35000610351562,252.6999969482422,254.10000610351562,137052.0,0.0,0
2021-06-15 14:15:00+05:30,254.10000610351562,255.0,253.35000610351562,254.6999969482422,329410.0,0.0,0
2021-06-15 15:15:00+05:30,254.64999389648438,254.64999389648438,253.25,253.39999389648438,157511.0,0.0,0
2021-06-16 09:15:00+05:30,254.35000610351562,256.25,253.0500030517578,255.39999389648438,0.0,0.0,0
2021-06-16 10:15:00+05:30,255.35000610351562,255.6999969482422,253.35000610351562,253.89999389648438,185385.0,0.0,0
2021-06-16 11:15:00+05:30,253.89999389648438,254.6999969482422,253.35000610351562,254.0,87514.0,0.0,0
2021-06-16 12:15:00+05:30,254.25,254.39999389648438,253.39999389648438,253.9499969482422,79372.0,0.0,0
2021-06-16 13:15:00+05:30,253.9499969482422,254.6999969482422,253.64999389648438,254.25,79505.0,0.0,0
2021-06-16 14:15:00+05:30,254.25,254.25,251.4499969482422,252.5500030517578,206953.0,0.0,0
2021-06-16 15:15:00+05:30,252.5500030517578,252.60000610351562,251.14999389648438,252.0,123067.0,0.0,0
2021-06-17 09:15:00+05:30,251.6999969482422,255.85000610351562,251.5,254.3000030517578,0.0,0.0,0
2021-06-17 10:15:00+05:30,254.4499969482422,254.5,250.60000610351562,250.75,340399.0,0.0,0
2021-06-17 11:15:00+05:30,250.75,251.5,247.75,248.0500030517578,352647.0,0.0,0
2021-06-17 12:15:00+05:30,247.8000030517578,250.0,246.39999389648438,249.8000030517578,269755.0,0.0,0
2021-06-17 13:15:00+05:30,250.0,250.3000030517578,248.35000610351562,249.35000610351562,127013.0,0.0,0
2021-06-17 14:15:00+05:30,249.35000610351562,249.60000610351562,247.4499969482422,247.6999969482422,250896.0,0.0,0
2021-06-17 15:15:00+05:30,247.6999969482422,247.8000030517578,246.75,247.0,112553.0,0.0,0
2021-06-18 09:15:00+05:30,248.14999389648438,248.35000610351562,243.0,243.6999969482422,0.0,0.0,0
2021-06-18 10:15:00+05:30,243.5500030517578,244.1999969482422,238.0,241.60000610351562,394037.0,0.0,0
2021-06-18 11:15:00+05:30,241.64999389648438,243.5,240.3000030517578,242.5,273290.0,0.0,0
2021-06-18 12:15:00+05:30,242.5,243.75,241.5,242.60000610351562,228288.0,0.0,0
2021-06-18 13:15:00+05:30,242.60000610351562,243.75,241.5,242.89999389648438,163240.0,0.0,0
2021-06-18 14:15:00+05:30,242.89999389648438,247.1999969482422,241.9499969482422,246.0500030517578,1014420.0,0.0,0
2021-06-18 15:15:00+05:30,246.0500030517578,247.60000610351562,245.8000030517578,245.85000610351562,487257.0,0.0,0
2021-06-21 09:15:00+05:30,242.0,243.5500030517578,241.1999969482422,242.6999969482422,0.0,0.0,0
2021-06-21 10:15:00+05:30,242.6999969482422,244.5,241.6999969482422,243.89999389648438,309624.0,0.0,0
2021-06-21 11:15:00+05:30,244.0,246.14999389648438,243.4499969482422,244.0,385852.0,0.0,0
2021-06-21 12:15:00+05:30,244.0,246.39999389648438,243.8000030517578,246.14999389648438,252839.0,0.0,0
2021-06-21 13:15:00+05:30,246.14999389648438,247.0,244.75,245.39999389648438,246267.0,0.0,0
2021-06-21 14:15:00+05:30,245.4499969482422,246.25,244.64999389648438,245.3000030517578,279719.0,0.0,0
2021-06-21 15:15:00+05:30,245.25,246.0,244.89999389648438,245.4499969482422,98604.0,0.0,0
2021-06-22 09:15:00+05:30,250.75,258.20001220703125,249.75,254.1999969482422,502699.0,0.0,0
2021-06-22 10:15:00+05:30,254.25,258.6499938964844,253.5,256.70001220703125,1117137.0,0.0,0
2021-06-22 11:15:00+05:30,256.79998779296875,257.3999938964844,255.5500030517578,256.6000061035156,455291.0,0.0,0
2021-06-22 12:15:00+05:30,256.45001220703125,257.04998779296875,255.0,256.29998779296875,448656.0,0.0,0
2021-06-22 13:15:00+05:30,256.29998779296875,258.20001220703125,250.60000610351562,252.14999389648438,1390496.0,0.0,0
2021-06-22 14:15:00+05:30,252.14999389648438,252.25,249.0,249.85000610351562,1036464.0,0.0,0
2021-06-22 15:15:00+05:30,249.9499969482422,250.5,249.5,250.39999389648438,345011.0,0.0,0
2021-06-23 09:15:00+05:30,249.39999389648438,249.39999389648438,243.5,243.89999389648438,0.0,0.0,0
2021-06-23 10:15:00+05:30,243.9499969482422,244.0,242.39999389648438,242.8000030517578,808886.0,0.0,0
2021-06-23 11:15:00+05:30,242.75,243.5,242.64999389648438,243.0,676831.0,0.0,0
2021-06-23 12:15:00+05:30,243.0,243.39999389648438,241.0,242.8000030517578,1020680.0,0.0,0
2021-06-23 13:15:00+05:30,242.8000030517578,246.35000610351562,242.25,243.75,1113663.0,0.0,0
2021-06-23 14:15:00+05:30,243.6999969482422,243.9499969482422,242.39999389648438,242.8000030517578,1123969.0,0.0,0
2021-06-23 15:15:00+05:30,242.8000030517578,243.5500030517578,242.10000610351562,242.89999389648438,440461.0,0.0,0
2021-06-24 09:15:00+05:30,243.5500030517578,243.6999969482422,241.5500030517578,241.60000610351562,0.0,0.0,0
2021-06-24 10:15:00+05:30,241.64999389648438,242.5,241.39999389648438,242.25,280551.0,0.0,0
2021-06-24 11:15:00+05:30,242.25,243.39999389648438,241.64999389648438,242.0500030517578,279602.0,0.0,0
2021-06-24 12:15:00+05:30,242.0500030517578,243.3000030517578,241.89999389648438,243.0500030517578,139466.0,0.0,0
2021-06-24 13:15:00+05:30,243.25,243.3000030517578,242.5,242.60000610351562,139712.0,0.0,0
2021-06-24 14:15:00+05:30,242.60000610351562,244.35000610351562,242.0500030517578,243.4499969482422,438752.0,0.0,0
2021-06-24 15:15:00+05:30,243.39999389648438,243.75,242.6999969482422,242.85000610351562,162138.0,0.0,0
