Datetime,Open,High,Low,Close,Volume,Dividends,Stock Splits
2021-06-09 09:15:00+05:30,577.6500244140625,577.6500244140625,572.6500244140625,572.6500244140625,0,0.0,0
2021-06-09 09:20:00+05:30,572.5,572.6500244140625,570.0499877929688,570.7999877929688,40669,0.0,0
2021-06-09 09:25:00+05:30,570.6500244140625,575.0499877929688,570.5,575.0499877929688,64888,0.0,0
2021-06-09 09:30:00+05:30,575.0499877929688,576.0,574.0999755859375,574.0999755859375,17229,0.0,0
2021-06-09 09:35:00+05:30,574.0,576.0,572.0,572.2999877929688,139310,0.0,0
2021-06-09 09:40:00+05:30,572.2999877929688,572.5,569.2999877929688,570.3499755859375,73954,0.0,0
2021-06-09 09:45:00+05:30,570.5,570.5,569.4500122070312,569.75,21941,0.0,0
2021-06-09 09:50:00+05:30,569.75,571.0,569.5499877929688,570.5999755859375,19988,0.0,0
2021-06-09 09:55:00+05:30,570.4000244140625,571.1500244140625,569.7999877929688,571.1500244140625,12861,0.0,0
2021-06-09 10:00:00+05:30,571.6500244140625,572.0,570.0,570.1500244140625,158844,0.0,0
2021-06-09 10:05:00+05:30,570.1500244140625,575.5999755859375,570.0,575.5,66940,0.0,0
2021-06-09 10:10:00+05:30,575.7999877929688,577.9500122070312,575.5,576.7000122070312,46129,0.0,0
2021-06-09 10:15:00+05:30,576.6500244140625,577.25,574.9500122070312,577.0499877929688,25098,0.0,0
2021-06-09 10:20:00+05:30,577.0,577.2000122070312,576.2000122070312,576.5,8959,0.0,0
2021-06-09 10:25:00+05:30,576.5,577.0,571.5499877929688,571.5499877929688,61596,0.0,0
2021-06-09 10:30:00+05:30,572.0499877929688,577.7999877929688,571.9000244140625,577.7999877929688,58646,0.0,0
2021-06-09 10:35:00+05:30,577.7999877929688,579.0,576.0499877929688,578.7000122070312,34138,0.0,0
2021-06-09 10:40:00+05:30,578.5499877929688,578.6500244140625,577.75,578.5,13764,0.0,0
2021-06-09 10:45:00+05:30,578.5,578.6500244140625,576.8499755859375,576.8499755859375,8859,0.0,0
2021-06-09 10:50:00+05:30,576.6500244140625,577.4000244140625,576.0499877929688,577.1500244140625,8021,0.0,0
2021-06-09 10:55:00+05:30,577.1500244140625,577.4000244140625,576.5499877929688,576.7999877929688,4456,0.0,0
2021-06-09 11:00:00+05:30,576.7999877929688,580.5999755859375,576.5999755859375,580.1500244140625,50950,0.0,0
2021-06-09 11:05:00+05:30,580.0,580.4500122070312,579.2000122070312,579.5999755859375,8744,0.0,0
2021-06-09 11:10:00+05:30,579.7999877929688,580.0,579.2999877929688,579.5,6718,0.0,0
2021-06-09 11:15:00+05:30,579.5,580.5999755859375,579.0999755859375,580.0,24711,0.0,0
2021-06-09 11:20:00+05:30,580.0499877929688,580.4000244140625,579.75,579.9500122070312,6902,0.0,0
2021-06-09 11:25:00+05:30,579.75,580.4500122070312,579.75,580.0,21966,0.0,0
2021-06-09 11:30:00+05:30,580.0,580.8499755859375,579.5,580.8499755859375,11067,0.0,0
2021-06-09 11:35:00+05:30,580.8499755859375,580.8499755859375,579.4500122070312,580.0,17644,0.0,0
2021-06-09 11:40:00+05:30,579.9500122070312,580.2000122070312,579.5,580.0,9909,0.0,0
2021-06-09 11:45:00+05:30,579.9500122070312,581.7999877929688,579.7999877929688,581.2999877929688,43211,0.0,0
2021-06-09 11:50:00+05:30,581.25,582.0,581.0999755859375,581.3499755859375,20853,0.0,0
2021-06-09 11:55:00+05:30,581.25,582.75,581.0,581.2000122070312,30316,0.0,0
2021-06-09 12:00:00+05:30,581.1500244140625,581.1500244140625,579.5999755859375,579.9000244140625,16570,0.0,0
2021-06-09 12:05:00+05:30,580.0499877929688,581.0499877929688,579.25,581.0499877929688,13326,0.0,0
2021-06-09 12:10:00+05:30,581.0499877929688,581.5,580.2999877929688,581.0999755859375,9322,0.0,0
2021-06-09 12:15:00+05:30,581.0,581.0,580.0,580.1500244140625,7336,0.0,0
2021-06-09 12:20:00+05:30,580.1500244140625,581.4000244140625,579.2999877929688,580.3499755859375,15404,0.0,0
2021-06-09 12:25:00+05:30,580.3499755859375,580.5999755859375,580.0,580.2999877929688,4031,0.0,0
2021-06-09 12:30:00+05:30,580.4000244140625,580.8499755859375,580.25,580.2999877929688,3050,0.0,0
2021-06-09 12:35:00+05:30,580.2999877929688,580.7000122070312,580.25,580.5499877929688,5404,0.0,0
2021-06-09 12:40:00+05:30,580.5499877929688,580.8499755859375,580.2999877929688,580.6500244140625,4095,0.0,0
2021-06-09 12:45:00+05:30,580.5999755859375,580.7999877929688,580.2000122070312,580.75,2994,0.0,0
2021-06-09 12:50:00+05:30,580.7000122070312,580.7000122070312,580.0,580.0,13377,0.0,0
2021-06-09 12:55:00+05:30,580.0,580.7000122070312,580.0,580.0999755859375,6833,0.0,0
2021-06-09 13:00:00+05:30,580.0999755859375,580.4500122070312,580.0,580.0,5996,0.0,0
2021-06-09 13:05:00+05:30,580.0,580.5999755859375,576.4500122070312,576.4500122070312,45198,0.0,0
2021-06-09 13:10:00+05:30,577.0499877929688,578.0999755859375,574.3499755859375,575.9000244140625,116811,0.0,0
2021-06-09 13:15:00+05:30,575.4500122070312,577.6500244140625,573.2999877929688,576.7999877929688,55936,0.0,0
2021-06-09 13:20:00+05:30,576.6500244140625,577.0,574.0999755859375,575.2999877929688,19631,0.0,0
2021-06-09 13:25:00+05:30,575.2999877929688,576.0,575.0,575.9000244140625,5448,0.0,0
2021-06-09 13:30:00+05:30,575.4000244140625,575.8499755859375,573.3499755859375,575.6500244140625,10317,0.0,0
2021-06-09 13:35:00+05:30,575.2999877929688,576.25,574.7999877929688,575.5,5232,0.0,0
2021-06-09 13:40:00+05:30,575.5,576.2000122070312,574.4000244140625,575.5,10372,0.0,0
2021-06-09 13:45:00+05:30,575.5499877929688,575.7999877929688,574.5,574.5,7878,0.0,0
2021-06-09 13:50:00+05:30,574.7999877929688,575.3499755859375,574.2999877929688,574.5499877929688,3947,0.0,0
2021-06-09 13:55:00+05:30,574.5499877929688,574.5499877929688,574.0499877929688,574.3499755859375,4635,0.0,0
2021-06-09 14:00:00+05:30,574.3499755859375,574.5999755859375,574.2999877929688,574.4000244140625,2573,0.0,0
2021-06-09 14:05:00+05:30,574.4000244140625,575.5999755859375,574.4000244140625,575.5,5243,0.0,0
2021-06-09 14:10:00+05:30,575.4500122070312,575.4500122070312,574.5499877929688,574.5499877929688,2023,0.0,0
2021-06-09 14:15:00+05:30,574.5499877929688,575.7999877929688,574.5499877929688,575.75,3639,0.0,0
2021-06-09 14:20:00+05:30,575.75,576.4000244140625,572.6500244140625,572.8499755859375,11114,0.0,0
2021-06-09 14:25:00+05:30,572.6500244140625,573.5999755859375,571.5999755859375,571.5999755859375,9455,0.0,0
2021-06-09 14:30:00+05:30,571.8499755859375,572.75,570.2999877929688,570.4000244140625,8567,0.0,0
2021-06-09 14:35:00+05:30,570.3499755859375,571.8499755859375,570.0999755859375,570.8499755859375,8754,0.0,0
2021-06-09 14:40:00+05:30,570.8499755859375,571.5,570.0,570.0499877929688,21115,0.0,0
2021-06-09 14:45:00+05:30,570.5499877929688,573.0999755859375,570.0,572.7000122070312,14439,0.0,0
2021-06-09 14:50:00+05:30,572.0999755859375,572.6500244140625,570.5999755859375,570.8499755859375,24492,0.0,0
2021-06-09 14:55:00+05:30,570.9000244140625,571.0,570.0,570.4000244140625,11975,0.0,0
2021-06-09 15:00:00+05:30,570.4000244140625,571.2999877929688,570.0,570.25,16261,0.0,0
2021-06-09 15:05:00+05:30,570.1500244140625,571.9000244140625,570.0,571.3499755859375,19355,0.0,0
2021-06-09 15:10:00+05:30,571.25,572.0,570.9000244140625,571.5499877929688,25823,0.0,0
2021-06-09 15:15:00+05:30,571.2000122070312,572.0,571.2000122070312,571.5999755859375,27810,0.0,0
2021-06-09 15:20:00+05:30,571.5,571.5,570.2999877929688,571.0999755859375,21845,0.0,0
2021-06-09 15:25:00+05:30,571.0,572.25,570.0999755859375,571.1500244140625,23415,0.0,0
2021-06-10 09:15:00+05:30,571.9500122070312,574.9000244140625,571.4000244140625,574.4000244140625,0,0.0,0
2021-06-10 09:20:00+05:30,574.3499755859375,575.6500244140625,574.0,574.5999755859375,20225,0.0,0
2021-06-10 09:25:00+05:30,574.5999755859375,574.7000122070312,572.0,574.6500244140625,24665,0.0,0
2021-06-10 09:30:00+05:30,574.5999755859375,577.2000122070312,574.4000244140625,577.2000122070312,15266,0.0,0
2021-06-10 09:35:00+05:30,577.2000122070312,579.7999877929688,577.2000122070312,578.9000244140625,38011,0.0,0
2021-06-10 09:40:00+05:30,578.5999755859375,578.9500122070312,577.0,577.1500244140625,7457,0.0,0
2021-06-10 09:45:00+05:30,577.3499755859375,578.8499755859375,577.3499755859375,578.0,8085,0.0,0
2021-06-10 09:50:00+05:30,578.0,578.4000244140625,577.5999755859375,578.0999755859375,5361,0.0,0
2021-06-10 09:55:00+05:30,578.2999877929688,578.2999877929688,577.6500244140625,578.0999755859375,5277,0.0,0
2021-06-10 10:00:00+05:30,577.7999877929688,578.25,575.6500244140625,575.9000244140625,11560,0.0,0
2021-06-10 10:05:00+05:30,575.6500244140625,576.0,575.0,576.0,9525,0.0,0
2021-06-10 10:10:00+05:30,575.9500122070312,576.0499877929688,575.0999755859375,575.0999755859375,3299,0.0,0
2021-06-10 10:15:00+05:30,575.0499877929688,576.0,574.9000244140625,575.75,5803,0.0,0
2021-06-10 10:20:00+05:30,575.75,575.7999877929688,574.2999877929688,575.0,8360,0.0,0
2021-06-10 10:25:00+05:30,575.0,575.5999755859375,574.7000122070312,574.9500122070312,5810,0.0,0
2021-06-10 10:30:00+05:30,574.9500122070312,574.9500122070312,574.4000244140625,574.4000244140625,4328,0.0,0
2021-06-10 10:35:00+05:30,574.4000244140625,575.9500122070312,574.4000244140625,575.9500122070312,4561,0.0,0
2021-06-10 10:40:00+05:30,575.7999877929688,577.9500122070312,575.7999877929688,577.0999755859375,7054,0.0,0
2021-06-10 10:45:00+05:30,577.0999755859375,577.5,576.75,577.0,3318,0.0,0
2021-06-10 10:50:00+05:30,576.75,577.0,576.4500122070312,577.0,4215,0.0,0
2021-06-10 10:55:00+05:30,576.6500244140625,576.9500122070312,575.3499755859375,575.4500122070312,1898,0.0,0
2021-06-10 11:00:00+05:30,575.5,576.0,574.9000244140625,575.25,3016,0.0,0
2021-06-10 11:05:00+05:30,575.0,575.4500122070312,574.4000244140625,575.0,5114,0.0,0
2021-06-10 11:10:00+05:30,575.0,575.2000122070312,574.75,574.9000244140625,6507,0.0,0
2021-06-10 11:15:00+05:30,574.9500122070312,576.2000122070312,574.6500244140625,575.7999877929688,10691,0.0,0
2021-06-10 11:20:00+05:30,575.5,578.6500244140625,575.4500122070312,578.1500244140625,32031,0.0,0
2021-06-10 11:25:00+05:30,578.1500244140625,578.75,577.9000244140625,577.9500122070312,7456,0.0,0
2021-06-10 11:30:00+05:30,578.2000122070312,578.75,577.7999877929688,578.4000244140625,4679,0.0,0
2021-06-10 11:35:00+05:30,578.4000244140625,580.4000244140625,578.25,579.9500122070312,26113,0.0,0
2021-06-10 11:40:00+05:30,579.5999755859375,579.9500122070312,578.2999877929688,579.0,16539,0.0,0
2021-06-10 11:45:00+05:30,579.0,580.75,578.9500122070312,579.3499755859375,72403,0.0,0
2021-06-10 11:50:00+05:30,579.3499755859375,579.5,577.6500244140625,578.4000244140625,23514,0.0,0
2021-06-10 11:55:00+05:30,578.4000244140625,578.5999755859375,577.1500244140625,577.5499877929688,8652,0.0,0
2021-06-10 12:00:00+05:30,577.5499877929688,578.5,577.5499877929688,578.4000244140625,7336,0.0,0
2021-06-10 12:05:00+05:30,578.2999877929688,578.4000244140625,577.0,577.0,9721,0.0,0
2021-06-10 12:10:00+05:30,577.0,577.0999755859375,576.75,576.7999877929688,4451,0.0,0
2021-06-10 12:15:00+05:30,576.7999877929688,577.25,576.6500244140625,577.0,3344,0.0,0
2021-06-10 12:20:00+05:30,577.0,578.4000244140625,576.8499755859375,578.25,3194,0.0,0
2021-06-10 12:25:00+05:30,578.2000122070312,578.3499755859375,577.75,578.3499755859375,4731,0.0,0
2021-06-10 12:30:00+05:30,578.0,580.0,578.0,580.0,10995,0.0,0
2021-06-10 12:35:00+05:30,579.7000122070312,579.9500122070312,578.9000244140625,579.9000244140625,8142,0.0,0
2021-06-10 12:40:00+05:30,579.5999755859375,579.9000244140625,578.5,578.5999755859375,4492,0.0,0
2021-06-10 12:45:00+05:30,578.9500122070312,578.9500122070312,577.5499877929688,578.2000122070312,21441,0.0,0
2021-06-10 12:50:00+05:30,578.5,579.9000244140625,578.3499755859375,579.7999877929688,7461,0.0,0
2021-06-10 12:55:00+05:30,579.2999877929688,582.0,579.1500244140625,581.7000122070312,41626,0.0,0
2021-06-10 13:00:00+05:30,581.7000122070312,581.8499755859375,581.0,581.2000122070312,19816,0.0,0
2021-06-10 13:05:00+05:30,581.2000122070312,581.5999755859375,581.0,581.5499877929688,15384,0.0,0
2021-06-10 13:10:00+05:30,581.5499877929688,581.5999755859375,580.5,580.9000244140625,11688,0.0,0
2021-06-10 13:15:00+05:30,580.9500122070312,581.5,580.5,581.5,12791,0.0,0
2021-06-10 13:20:00+05:30,581.5,581.5999755859375,580.7000122070312,581.0,10455,0.0,0
2021-06-10 13:25:00+05:30,580.9500122070312,581.0,580.0,580.0,9485,0.0,0
2021-06-10 13:30:00+05:30,580.0499877929688,580.7000122070312,580.0,580.25,7330,0.0,0
2021-06-10 13:35:00+05:30,580.0499877929688,580.3499755859375,579.2999877929688,579.5499877929688,4732,0.0,0
2021-06-10 13:40:00+05:30,579.5499877929688,579.75,578.4000244140625,579.2999877929688,7002,0.0,0
2021-06-10 13:45:00+05:30,578.9500122070312,580.4000244140625,578.9500122070312,580.4000244140625,3913,0.0,0
2021-06-10 13:50:00+05:30,580.3499755859375,580.7999877929688,579.9500122070312,580.7000122070312,5749,0.0,0
2021-06-10 13:55:00+05:30,580.3499755859375,580.7999877929688,580.0999755859375,580.5,5520,0.0,0
2021-06-10 14:00:00+05:30,580.5,580.7999877929688,580.1500244140625,580.2000122070312,6002,0.0,0
2021-06-10 14:05:00+05:30,580.2000122070312,581.75,579.0499877929688,581.4500122070312,44034,0.0,0
2021-06-10 14:10:00+05:30,581.3499755859375,581.5,577.25,578.7000122070312,80006,0.0,0
2021-06-10 14:15:00+05:30,578.75,579.5999755859375,577.25,579.2000122070312,64277,0.0,0
2021-06-10 14:20:00+05:30,579.0,581.25,578.8499755859375,581.25,34791,0.0,0
2021-06-10 14:25:00+05:30,581.0499877929688,581.9000244140625,580.25,581.75,21058,0.0,0
2021-06-10 14:30:00+05:30,581.8499755859375,585.0,580.5999755859375,584.4000244140625,89573,0.0,0
2021-06-10 14:35:00+05:30,584.5,585.0,582.0999755859375,582.0999755859375,50643,0.0,0
2021-06-10 14:40:00+05:30,582.0999755859375,583.8499755859375,582.0999755859375,583.0,47855,0.0,0
2021-06-10 14:45:00+05:30,582.5999755859375,583.0,580.2000122070312,581.4500122070312,27916,0.0,0
2021-06-10 14:50:00+05:30,581.1500244140625,581.6500244140625,579.6500244140625,580.2000122070312,15168,0.0,0
2021-06-10 14:55:00+05:30,580.0,580.2000122070312,579.5499877929688,579.9500122070312,12670,0.0,0
2021-06-10 15:00:00+05:30,580.1500244140625,582.9000244140625,580.1500244140625,581.3499755859375,37310,0.0,0
2021-06-10 15:05:00+05:30,581.25,581.5,580.2000122070312,580.8499755859375,22809,0.0,0
2021-06-10 15:10:00+05:30,580.8499755859375,581.5,580.2999877929688,580.9500122070312,39340,0.0,0
2021-06-10 15:15:00+05:30,580.9500122070312,581.5,580.6500244140625,581.25,46324,0.0,0
2021-06-10 15:20:00+05:30,581.3499755859375,582.0999755859375,581.3499755859375,581.5,37162,0.0,0
2021-06-10 15:25:00+05:30,581.5,583.0,580.0,581.4000244140625,71224,0.0,0
2021-06-11 09:15:00+05:30,583.5499877929688,588.75,583.5499877929688,585.0,0,0.0,0
2021-06-11 09:20:00+05:30,584.6500244140625,585.1500244140625,582.5,582.5,65266,0.0,0
2021-06-11 09:25:00+05:30,582.5,582.7000122070312,581.4000244140625,581.9500122070312,20661,0.0,0
2021-06-11 09:30:00+05:30,581.9500122070312,584.6500244140625,581.6500244140625,583.25,31926,0.0,0
2021-06-11 09:35:00+05:30,583.1500244140625,584.4000244140625,582.6500244140625,583.5,23798,0.0,0
2021-06-11 09:40:00+05:30,583.4500122070312,583.4500122070312,581.9000244140625,582.4000244140625,13069,0.0,0
2021-06-11 09:45:00+05:30,582.3499755859375,582.3499755859375,580.5999755859375,581.2999877929688,21728,0.0,0
2021-06-11 09:50:00+05:30,581.25,581.5,580.8499755859375,581.0499877929688,9202,0.0,0
2021-06-11 09:55:00+05:30,580.9000244140625,581.25,580.4000244140625,580.4000244140625,8161,0.0,0
2021-06-11 10:00:00+05:30,580.4000244140625,581.0,579.2999877929688,579.2999877929688,22499,0.0,0
2021-06-11 10:05:00+05:30,579.5,580.8499755859375,579.2999877929688,580.4000244140625,11648,0.0,0
2021-06-11 10:10:00+05:30,580.5499877929688,580.5499877929688,579.5,579.7999877929688,7852,0.0,0
2021-06-11 10:15:00+05:30,579.7999877929688,580.0,578.6500244140625,579.6500244140625,11908,0.0,0
2021-06-11 10:20:00+05:30,579.7999877929688,580.2999877929688,579.7000122070312,579.7000122070312,5889,0.0,0
2021-06-11 10:25:00+05:30,579.7000122070312,580.0499877929688,579.0,579.0,6187,0.0,0
2021-06-11 10:30:00+05:30,579.0499877929688,579.2000122070312,577.5999755859375,578.9500122070312,15737,0.0,0
2021-06-11 10:35:00+05:30,578.8499755859375,579.0,578.4500122070312,578.5999755859375,4986,0.0,0
2021-06-11 10:40:00+05:30,578.5999755859375,578.75,577.2000122070312,577.2999877929688,9122,0.0,0
2021-06-11 10:45:00+05:30,577.2000122070312,577.75,576.5499877929688,577.5,19353,0.0,0
2021-06-11 10:50:00+05:30,577.3499755859375,578.5999755859375,577.3499755859375,577.7000122070312,8060,0.0,0
2021-06-11 10:55:00+05:30,577.5,578.75,577.5,578.1500244140625,4967,0.0,0
2021-06-11 11:00:00+05:30,578.2000122070312,578.4000244140625,577.5999755859375,578.0,2145,0.0,0
2021-06-11 11:05:00+05:30,578.0,578.4500122070312,577.5,578.2999877929688,4395,0.0,0
2021-06-11 11:10:00+05:30,578.4500122070312,578.4500122070312,575.75,576.0999755859375,11255,0.0,0
2021-06-11 11:15:00+05:30,576.4000244140625,577.0999755859375,575.5,577.0999755859375,13053,0.0,0
2021-06-11 11:20:00+05:30,577.1500244140625,577.5,577.1500244140625,577.3499755859375,2738,0.0,0
2021-06-11 11:25:00+05:30,577.1500244140625,577.7000122070312,576.7999877929688,576.7999877929688,4506,0.0,0
2021-06-11 11:30:00+05:30,577.0499877929688,577.0499877929688,575.7999877929688,576.0,7460,0.0,0
2021-06-11 11:35:00+05:30,575.7999877929688,576.4500122070312,575.5,575.5999755859375,5851,0.0,0
2021-06-11 11:40:00+05:30,576.0,576.5,575.9000244140625,576.1500244140625,3355,0.0,0
2021-06-11 11:45:00+05:30,576.1500244140625,577.4000244140625,576.0499877929688,576.2999877929688,5763,0.0,0
2021-06-11 11:50:00+05:30,576.2999877929688,577.1500244140625,576.2999877929688,577.1500244140625,2717,0.0,0
2021-06-11 11:55:00+05:30,577.25,577.5999755859375,576.5499877929688,577.2999877929688,8691,0.0,0
2021-06-11 12:00:00+05:30,577.4500122070312,577.4500122070312,576.5,577.0,3799,0.0,0
2021-06-11 12:05:00+05:30,576.9500122070312,577.3499755859375,576.0999755859375,576.5,5600,0.0,0
2021-06-11 12:10:00+05:30,576.5,576.7000122070312,575.0,575.75,36978,0.0,0
2021-06-11 12:15:00+05:30,576.0,576.7999877929688,575.5,575.9500122070312,9200,0.0,0
2021-06-11 12:20:00+05:30,575.9500122070312,575.9500122070312,575.0499877929688,575.8499755859375,8478,0.0,0
2021-06-11 12:25:00+05:30,575.8499755859375,576.6500244140625,575.2999877929688,575.7000122070312,15354,0.0,0
2021-06-11 12:30:00+05:30,575.4000244140625,575.75,574.4000244140625,575.0,24220,0.0,0
2021-06-11 12:35:00+05:30,575.25,576.0,574.9000244140625,575.5999755859375,8259,0.0,0
2021-06-11 12:40:00+05:30,575.6500244140625,577.0,575.25,575.25,47771,0.0,0
2021-06-11 12:45:00+05:30,575.3499755859375,576.7000122070312,574.8499755859375,576.5999755859375,19029,0.0,0
2021-06-11 12:50:00+05:30,576.5999755859375,576.7999877929688,575.5999755859375,575.5999755859375,3771,0.0,0
2021-06-11 12:55:00+05:30,575.5,576.0499877929688,574.5999755859375,575.0,19912,0.0,0
2021-06-11 13:00:00+05:30,575.0,575.0,574.0499877929688,574.8499755859375,8843,0.0,0
2021-06-11 13:05:00+05:30,574.5,575.0,574.25,574.9000244140625,3321,0.0,0
2021-06-11 13:10:00+05:30,574.8499755859375,575.2999877929688,574.8499755859375,575.0,4311,0.0,0
2021-06-11 13:15:00+05:30,575.0,575.75,575.0,575.4000244140625,5163,0.0,0
2021-06-11 13:20:00+05:30,575.0499877929688,575.5499877929688,574.4000244140625,575.5499877929688,9158,0.0,0
2021-06-11 13:25:00+05:30,575.5999755859375,576.7000122070312,575.5999755859375,575.7000122070312,13170,0.0,0
2021-06-11 13:30:00+05:30,575.5999755859375,577.4000244140625,575.5499877929688,577.0,20173,0.0,0
2021-06-11 13:35:00+05:30,576.7999877929688,577.25,576.4000244140625,576.5499877929688,3352,0.0,0
2021-06-11 13:40:00+05:30,576.5999755859375,577.2000122070312,576.4000244140625,576.9000244140625,9186,0.0,0
2021-06-11 13:45:00+05:30,576.9500122070312,578.8499755859375,576.5,578.7000122070312,29956,0.0,0
2021-06-11 13:50:00+05:30,578.7000122070312,578.7999877929688,577.6500244140625,578.0,33987,0.0,0
2021-06-11 13:55:00+05:30,578.25,578.7999877929688,577.9500122070312,578.5,5103,0.0,0
2021-06-11 14:00:00+05:30,578.5,578.5,578.0,578.4500122070312,2687,0.0,0
2021-06-11 14:05:00+05:30,578.4500122070312,578.4500122070312,577.75,578.1500244140625,3951,0.0,0
2021-06-11 14:10:00+05:30,578.0,578.5,577.75,578.5,2704,0.0,0
2021-06-11 14:15:00+05:30,578.4500122070312,579.75,578.4500122070312,579.5,10030,0.0,0
2021-06-11 14:20:00+05:30,579.3499755859375,579.9000244140625,578.5999755859375,578.7000122070312,94503,0.0,0
2021-06-11 14:25:00+05:30,578.4000244140625,579.2000122070312,578.1500244140625,578.5,8018,0.0,0
2021-06-11 14:30:00+05:30,578.5,579.0,578.5,578.7000122070312,15249,0.0,0
2021-06-11 14:35:00+05:30,578.9500122070312,580.4000244140625,578.75,579.7000122070312,6355,0.0,0
2021-06-11 14:40:00+05:30,579.6500244140625,579.9000244140625,578.7999877929688,579.9000244140625,9367,0.0,0
2021-06-11 14:45:00+05:30,580.0499877929688,580.7000122070312,579.5499877929688,579.9500122070312,6998,0.0,0
2021-06-11 14:50:00+05:30,580.0,581.0,579.7999877929688,580.8499755859375,12354,0.0,0
2021-06-11 14:55:00+05:30,581.0,581.0,579.9000244140625,579.9000244140625,21589,0.0,0
2021-06-11 15:00:00+05:30,580.25,581.0,579.3499755859375,580.0999755859375,22869,0.0,0
2021-06-11 15:05:00+05:30,580.4000244140625,581.0,578.7000122070312,580.4500122070312,22764,0.0,0
2021-06-11 15:10:00+05:30,580.25,580.4000244140625,579.3499755859375,579.9000244140625,16439,0.0,0
2021-06-11 15:15:00+05:30,579.7999877929688,580.0,579.3499755859375,579.5499877929688,45292,0.0,0
2021-06-11 15:20:00+05:30,579.5499877929688,580.0,579.5,579.7999877929688,34950,0.0,0
2021-06-11 15:25:00+05:30,579.7999877929688,580.0,579.0499877929688,579.75,35990,0.0,0
2021-06-14 09:15:00+05:30,577.0,579.0,575.0,578.0,0,0.0,0
2021-06-14 09:20:00+05:30,578.5,578.5,573.8499755859375,574.0,32060,0.0,0
2021-06-14 09:25:00+05:30,573.9000244140625,574.4000244140625,571.4000244140625,571.5999755859375,15215,0.0,0
2021-06-14 09:30:00+05:30,570.5,571.25,567.5,567.8499755859375,70332,0.0,0
2021-06-14 09:35:00+05:30,568.0,573.0,567.8499755859375,571.0999755859375,63795,0.0,0
2021-06-14 09:40:00+05:30,571.0,572.8499755859375,570.8499755859375,572.2999877929688,8746,0.0,0
2021-06-14 09:45:00+05:30,572.6500244140625,572.7999877929688,570.2999877929688,571.75,8603,0.0,0
2021-06-14 09:50:00+05:30,571.75,572.4500122070312,571.0,571.7999877929688,5293,0.0,0
2021-06-14 09:55:00+05:30,571.5499877929688,574.7999877929688,571.5499877929688,573.5499877929688,12064,0.0,0
2021-06-14 10:00:00+05:30,573.5499877929688,573.9000244140625,572.6500244140625,573.5,8595,0.0,0
2021-06-14 10:05:00+05:30,573.5,574.4500122070312,573.0999755859375,573.2999877929688,4749,0.0,0
2021-06-14 10:10:00+05:30,573.4000244140625,574.3499755859375,573.2000122070312,573.5999755859375,20162,0.0,0
2021-06-14 10:15:00+05:30,573.3499755859375,573.5499877929688,572.6500244140625,573.2000122070312,6970,0.0,0
2021-06-14 10:20:00+05:30,573.2000122070312,574.7999877929688,572.75,573.2999877929688,63805,0.0,0
2021-06-14 10:25:00+05:30,573.25,573.75,572.5999755859375,572.6500244140625,4714,0.0,0
2021-06-14 10:30:00+05:30,572.5,574.25,572.4000244140625,572.5,66792,0.0,0
2021-06-14 10:35:00+05:30,572.6500244140625,573.2999877929688,572.4000244140625,573.0499877929688,2953,0.0,0
2021-06-14 10:40:00+05:30,573.0499877929688,574.0999755859375,573.0499877929688,573.4500122070312,7354,0.0,0
2021-06-14 10:45:00+05:30,573.4500122070312,573.4500122070312,572.0499877929688,572.2999877929688,4051,0.0,0
2021-06-14 10:50:00+05:30,572.6500244140625,572.8499755859375,571.5499877929688,571.9500122070312,68422,0.0,0
2021-06-14 10:55:00+05:30,571.6500244140625,573.0,571.6500244140625,573.0,3177,0.0,0
2021-06-14 11:00:00+05:30,572.8499755859375,573.0,572.0,572.7999877929688,7576,0.0,0
2021-06-14 11:05:00+05:30,572.7999877929688,573.3499755859375,572.5,572.7999877929688,17191,0.0,0
2021-06-14 11:10:00+05:30,572.9500122070312,573.5999755859375,572.5499877929688,573.5999755859375,40484,0.0,0
2021-06-14 11:15:00+05:30,574.2000122070312,578.3499755859375,574.0499877929688,577.7000122070312,41581,0.0,0
2021-06-14 11:20:00+05:30,577.5499877929688,578.5,577.5499877929688,578.0,14814,0.0,0
2021-06-14 11:25:00+05:30,578.0,578.9000244140625,577.7999877929688,578.4000244140625,8048,0.0,0
2021-06-14 11:30:00+05:30,578.4000244140625,580.9500122070312,578.4000244140625,580.2000122070312,12873,0.0,0
2021-06-14 11:35:00+05:30,580.2000122070312,581.0,579.1500244140625,579.5499877929688,14766,0.0,0
2021-06-14 11:40:00+05:30,579.75,580.2000122070312,578.7000122070312,578.7999877929688,7549,0.0,0
2021-06-14 11:45:00+05:30,578.9500122070312,580.5499877929688,578.9500122070312,580.2000122070312,5219,0.0,0
2021-06-14 11:50:00+05:30,580.2000122070312,581.0,580.0,580.75,11678,0.0,0
2021-06-14 11:55:00+05:30,580.7000122070312,582.0,580.7000122070312,581.5999755859375,15050,0.0,0
2021-06-14 12:00:00+05:30,581.25,581.5,580.4500122070312,580.5,7765,0.0,0
2021-06-14 12:05:00+05:30,580.5,583.0,580.5,582.6500244140625,9638,0.0,0
2021-06-14 12:10:00+05:30,583.0,583.75,582.5499877929688,582.8499755859375,16067,0.0,0
2021-06-14 12:15:00+05:30,582.8499755859375,583.5,582.6500244140625,583.0499877929688,9656,0.0,0
2021-06-14 12:20:00+05:30,583.0499877929688,584.5,583.0499877929688,583.5999755859375,10794,0.0,0
2021-06-14 12:25:00+05:30,583.5999755859375,584.9000244140625,583.5999755859375,584.2000122070312,20026,0.0,0
2021-06-14 12:30:00+05:30,584.0,584.2000122070312,583.1500244140625,583.5,12096,0.0,0
2021-06-14 12:35:00+05:30,583.5,584.2999877929688,583.5,584.0999755859375,6774,0.0,0
2021-06-14 12:40:00+05:30,584.25,585.0,583.7999877929688,584.5999755859375,28072,0.0,0
2021-06-14 12:45:00+05:30,584.5999755859375,585.9000244140625,584.5999755859375,585.5,27748,0.0,0
2021-06-14 12:50:00+05:30,585.5,586.0,583.5999755859375,583.6500244140625,23594,0.0,0
2021-06-14 12:55:00+05:30,583.6500244140625,584.7000122070312,583.0499877929688,583.5999755859375,11941,0.0,0
2021-06-14 13:00:00+05:30,583.4500122070312,585.0,583.4500122070312,584.5999755859375,10814,0.0,0
2021-06-14 13:05:00+05:30,584.2000122070312,584.25,583.7999877929688,584.2000122070312,5576,0.0,0
2021-06-14 13:10:00+05:30,584.4500122070312,584.4500122070312,582.1500244140625,582.5,14743,0.0,0
2021-06-14 13:15:00+05:30,582.75,586.5999755859375,582.5,586.1500244140625,24803,0.0,0
2021-06-14 13:20:00+05:30,586.5499877929688,586.6500244140625,585.0499877929688,585.25,10899,0.0,0
2021-06-14 13:25:00+05:30,585.25,585.4500122070312,584.0999755859375,584.4500122070312,11405,0.0,0
2021-06-14 13:30:00+05:30,584.3499755859375,585.1500244140625,584.3499755859375,584.6500244140625,4686,0.0,0
2021-06-14 13:35:00+05:30,584.6500244140625,585.7999877929688,584.5999755859375,584.5999755859375,4015,0.0,0
2021-06-14 13:40:00+05:30,584.5999755859375,585.1500244140625,584.0499877929688,584.75,5152,0.0,0
2021-06-14 13:45:00+05:30,584.75,586.5999755859375,584.75,585.7000122070312,15367,0.0,0
2021-06-14 13:50:00+05:30,585.8499755859375,586.5499877929688,585.1500244140625,585.5999755859375,12286,0.0,0
2021-06-14 13:55:00+05:30,585.75,587.2999877929688,585.5999755859375,587.0,18442,0.0,0
2021-06-14 14:00:00+05:30,586.8499755859375,590.4000244140625,586.4500122070312,589.5,102586,0.0,0
2021-06-14 14:05:00+05:30,589.4500122070312,592.9000244140625,588.5499877929688,591.7000122070312,136907,0.0,0
2021-06-14 14:10:00+05:30,591.5499877929688,591.7000122070312,589.2999877929688,591.2000122070312,51540,0.0,0
2021-06-14 14:15:00+05:30,591.2000122070312,591.2000122070312,589.5999755859375,589.9000244140625,30630,0.0,0
2021-06-14 14:20:00+05:30,589.7999877929688,590.3499755859375,588.9500122070312,590.0,21752,0.0,0
2021-06-14 14:25:00+05:30,589.7999877929688,590.7999877929688,589.0,589.9500122070312,16985,0.0,0
2021-06-14 14:30:00+05:30,589.9500122070312,591.4500122070312,589.9500122070312,591.0,22962,0.0,0
2021-06-14 14:35:00+05:30,591.0,592.0,590.7000122070312,591.2000122070312,38739,0.0,0
2021-06-14 14:40:00+05:30,591.5999755859375,592.5,591.3499755859375,592.25,25834,0.0,0
2021-06-14 14:45:00+05:30,592.1500244140625,592.4000244140625,590.0,590.2000122070312,39117,0.0,0
2021-06-14 14:50:00+05:30,590.7000122070312,590.8499755859375,588.5999755859375,589.25,71998,0.0,0
2021-06-14 14:55:00+05:30,588.9000244140625,590.2999877929688,587.5999755859375,589.7999877929688,58977,0.0,0
2021-06-14 15:00:00+05:30,589.4000244140625,590.5999755859375,587.7000122070312,588.0999755859375,21932,0.0,0
2021-06-14 15:05:00+05:30,588.0499877929688,588.5,587.0999755859375,587.5999755859375,27720,0.0,0
2021-06-14 15:10:00+05:30,587.5499877929688,589.5,585.8499755859375,588.25,57240,0.0,0
2021-06-14 15:15:00+05:30,588.5,588.5499877929688,586.8499755859375,587.7999877929688,40524,0.0,0
2021-06-14 15:20:00+05:30,588.0,588.5999755859375,586.7000122070312,587.9000244140625,32413,0.0,0
2021-06-14 15:25:00+05:30,587.7999877929688,589.5499877929688,587.7999877929688,587.9000244140625,47499,0.0,0
2021-06-15 09:15:00+05:30,592.0,592.1500244140625,587.25,588.4500122070312,0,0.0,0
2021-06-15 09:20:00+05:30,588.4000244140625,588.9500122070312,585.1500244140625,585.9000244140625,44640,0.0,0
2021-06-15 09:25:00+05:30,585.5499877929688,587.0,585.0,586.0999755859375,37689,0.0,0
2021-06-15 09:30:00+05:30,586.0999755859375,587.0,584.5999755859375,586.9000244140625,28418,0.0,0
2021-06-15 09:35:00+05:30,586.25,587.0,585.9000244140625,587.0,10908,0.0,0
2021-06-15 09:40:00+05:30,586.5499877929688,588.5499877929688,586.5499877929688,587.4500122070312,16835,0.0,0
2021-06-15 09:45:00+05:30,587.4500122070312,588.4500122070312,587.2999877929688,587.5999755859375,13217,0.0,0
2021-06-15 09:50:00+05:30,587.5499877929688,588.4500122070312,587.1500244140625,588.4500122070312,8237,0.0,0
2021-06-15 09:55:00+05:30,588.4500122070312,589.4000244140625,587.7000122070312,588.0999755859375,18910,0.0,0
2021-06-15 10:00:00+05:30,588.0999755859375,588.1500244140625,586.0999755859375,586.5,15879,0.0,0
2021-06-15 10:05:00+05:30,586.4500122070312,588.4500122070312,586.4500122070312,588.25,12081,0.0,0
2021-06-15 10:10:00+05:30,588.25,588.2999877929688,587.0,587.5999755859375,6305,0.0,0
2021-06-15 10:15:00+05:30,587.9000244140625,587.9000244140625,586.75,587.0,5407,0.0,0
2021-06-15 10:20:00+05:30,586.75,587.1500244140625,586.5499877929688,586.7999877929688,3537,0.0,0
2021-06-15 10:25:00+05:30,586.7999877929688,587.0999755859375,586.25,586.7999877929688,7845,0.0,0
2021-06-15 10:30:00+05:30,586.7999877929688,587.0,586.0499877929688,586.5,7131,0.0,0
2021-06-15 10:35:00+05:30,586.9000244140625,587.0,586.5,587.0,2228,0.0,0
2021-06-15 10:40:00+05:30,586.8499755859375,587.0,586.0,586.7999877929688,7543,0.0,0
2021-06-15 10:45:00+05:30,586.8499755859375,586.9500122070312,586.0499877929688,586.2999877929688,5713,0.0,0
2021-06-15 10:50:00+05:30,586.2999877929688,586.3499755859375,585.3499755859375,586.3499755859375,11204,0.0,0
2021-06-15 10:55:00+05:30,586.5,587.5,586.1500244140625,586.8499755859375,8637,0.0,0
2021-06-15 11:00:00+05:30,586.8499755859375,587.5499877929688,586.0,586.0499877929688,7720,0.0,0
2021-06-15 11:05:00+05:30,586.0499877929688,586.0999755859375,585.4000244140625,585.5,3746,0.0,0
2021-06-15 11:10:00+05:30,585.5499877929688,585.9000244140625,585.0,585.0499877929688,7257,0.0,0
2021-06-15 11:15:00+05:30,585.2999877929688,586.4000244140625,585.2999877929688,586.0,6618,0.0,0
2021-06-15 11:20:00+05:30,585.9000244140625,586.3499755859375,585.7999877929688,586.0,3458,0.0,0
2021-06-15 11:25:00+05:30,586.3499755859375,586.3499755859375,585.5,585.5999755859375,5052,0.0,0
2021-06-15 11:30:00+05:30,585.75,586.4500122070312,585.2999877929688,585.6500244140625,4002,0.0,0
2021-06-15 11:35:00+05:30,585.6500244140625,585.9500122070312,585.4000244140625,585.5499877929688,2460,0.0,0
2021-06-15 11:40:00+05:30,585.9000244140625,586.4500122070312,585.5499877929688,586.2000122070312,1640,0.0,0
2021-06-15 11:45:00+05:30,586.25,586.25,585.5,585.9000244140625,2799,0.0,0
2021-06-15 11:50:00+05:30,585.5,586.25,585.5,586.0,1806,0.0,0
2021-06-15 11:55:00+05:30,585.9500122070312,586.4000244140625,585.5499877929688,585.9500122070312,1970,0.0,0
2021-06-15 12:00:00+05:30,585.7999877929688,586.4000244140625,585.5499877929688,586.0499877929688,5261,0.0,0
2021-06-15 12:05:00+05:30,586.0499877929688,586.3499755859375,585.75,586.0,2660,0.0,0
2021-06-15 12:10:00+05:30,586.2999877929688,587.4500122070312,585.8499755859375,587.4000244140625,6267,0.0,0
2021-06-15 12:15:00+05:30,587.4000244140625,589.8499755859375,587.1500244140625,589.0999755859375,26397,0.0,0
2021-06-15 12:20:00+05:30,589.3499755859375,589.3499755859375,588.0499877929688,588.75,12018,0.0,0
2021-06-15 12:25:00+05:30,588.75,588.75,587.0499877929688,587.5999755859375,8794,0.0,0
2021-06-15 12:30:00+05:30,587.5,588.0,587.0499877929688,587.7000122070312,3638,0.0,0
2021-06-15 12:35:00+05:30,588.0,588.0,586.9000244140625,587.5499877929688,4105,0.0,0
2021-06-15 12:40:00+05:30,587.5499877929688,587.7000122070312,587.0499877929688,587.0499877929688,2169,0.0,0
2021-06-15 12:45:00+05:30,587.1500244140625,587.7000122070312,586.7999877929688,587.5999755859375,5123,0.0,0
2021-06-15 12:50:00+05:30,587.5499877929688,588.8499755859375,587.5499877929688,588.5,6726,0.0,0
2021-06-15 12:55:00+05:30,588.2000122070312,588.9500122070312,588.0499877929688,588.9500122070312,5216,0.0,0
2021-06-15 13:00:00+05:30,588.5499877929688,589.25,588.5499877929688,588.9000244140625,8045,0.0,0
2021-06-15 13:05:00+05:30,588.7999877929688,588.9500122070312,587.5,588.1500244140625,14397,0.0,0
2021-06-15 13:10:00+05:30,588.25,589.5,588.0,589.4500122070312,4931,0.0,0
2021-06-15 13:15:00+05:30,589.4500122070312,591.0,586.9500122070312,586.9500122070312,91788,0.0,0
2021-06-15 13:20:00+05:30,586.8499755859375,587.0,586.8499755859375,586.9500122070312,20812,0.0,0
2021-06-15 13:25:00+05:30,586.9000244140625,587.9000244140625,585.75,587.9000244140625,26158,0.0,0
2021-06-15 13:30:00+05:30,587.5999755859375,588.5499877929688,587.5999755859375,588.0,4096,0.0,0
2021-06-15 13:35:00+05:30,587.7000122070312,588.0,586.4500122070312,586.5,4751,0.0,0
2021-06-15 13:40:00+05:30,586.5,587.3499755859375,586.2000122070312,587.2000122070312,3246,0.0,0
2021-06-15 13:45:00+05:30,587.2000122070312,587.4000244140625,586.5499877929688,587.1500244140625,3819,0.0,0
2021-06-15 13:50:00+05:30,587.0499877929688,589.3499755859375,586.8499755859375,589.2999877929688,10909,0.0,0
2021-06-15 13:55:00+05:30,589.2999877929688,589.9500122070312,588.5999755859375,589.9000244140625,9685,0.0,0
2021-06-15 14:00:00+05:30,589.9000244140625,589.9500122070312,589.0,589.5999755859375,8637,0.0,0
2021-06-15 14:05:00+05:30,589.5999755859375,590.7999877929688,589.3499755859375,590.75,11310,0.0,0
2021-06-15 14:10:00+05:30,590.75,590.75,589.0,590.0,10858,0.0,0
2021-06-15 14:15:00+05:30,590.2000122070312,590.4500122070312,589.4000244140625,589.5,8076,0.0,0
2021-06-15 14:20:00+05:30,589.5,589.7000122070312,588.5999755859375,588.8499755859375,14770,0.0,0
2021-06-15 14:25:00+05:30,588.8499755859375,588.8499755859375,588.0999755859375,588.4500122070312,5149,0.0,0
2021-06-15 14:30:00+05:30,588.4500122070312,588.5,587.5499877929688,588.0499877929688,5556,0.0,0
2021-06-15 14:35:00+05:30,588.3499755859375,588.4000244140625,587.5499877929688,587.9500122070312,4314,0.0,0
2021-06-15 14:40:00+05:30,587.9500122070312,588.7999877929688,587.5,587.5,6369,0.0,0
2021-06-15 14:45:00+05:30,587.6500244140625,588.5999755859375,587.5999755859375,588.5999755859375,6740,0.0,0
2021-06-15 14:50:00+05:30,588.5999755859375,589.2999877929688,588.2000122070312,588.75,7797,0.0,0
2021-06-15 14:55:00+05:30,588.75,589.7000122070312,588.6500244140625,589.4000244140625,7660,0.0,0
2021-06-15 15:00:00+05:30,589.4000244140625,589.4000244140625,588.0499877929688,588.1500244140625,15031,0.0,0
2021-06-15 15:05:00+05:30,588.1500244140625,588.1500244140625,587.5,588.0,18260,0.0,0
2021-06-15 15:10:00+05:30,588.0,588.8499755859375,587.7999877929688,588.4000244140625,22965,0.0,0
2021-06-15 15:15:00+05:30,588.4000244140625,588.8499755859375,587.5999755859375,587.7000122070312,25926,0.0,0
2021-06-15 15:20:00+05:30,587.5499877929688,587.9500122070312,586.2999877929688,586.5,42560,0.0,0
2021-06-15 15:25:00+05:30,586.75,588.25,586.0999755859375,587.5999755859375,25523,0.0,0
2021-06-16 09:15:00+05:30,582.2999877929688,586.3499755859375,582.2999877929688,585.1500244140625,0,2.0,0
2021-06-16 09:20:00+05:30,585.4500122070312,588.0,585.0,587.4500122070312,12626,0.0,0
2021-06-16 09:25:00+05:30,587.3499755859375,587.3499755859375,583.5,584.2999877929688,10464,0.0,0
2021-06-16 09:30:00+05:30,584.2000122070312,584.5999755859375,583.6500244140625,584.0999755859375,9043,0.0,0
2021-06-16 09:35:00+05:30,584.0999755859375,584.5999755859375,582.8499755859375,582.8499755859375,13674,0.0,0
2021-06-16 09:40:00+05:30,583.0,583.6500244140625,582.2000122070312,582.2000122070312,5200,0.0,0
2021-06-16 09:45:00+05:30,582.2000122070312,582.6500244140625,581.0,581.5,13653,0.0,0
2021-06-16 09:50:00+05:30,581.8499755859375,582.5999755859375,581.5,582.1500244140625,8247,0.0,0
2021-06-16 09:55:00+05:30,582.0999755859375,583.1500244140625,582.0,582.5,7754,0.0,0
2021-06-16 10:00:00+05:30,582.5,582.7999877929688,582.0499877929688,582.5499877929688,6698,0.0,0
2021-06-16 10:05:00+05:30,582.2999877929688,582.5999755859375,581.0499877929688,582.0,6760,0.0,0
2021-06-16 10:10:00+05:30,582.0,582.2000122070312,581.4000244140625,581.9000244140625,6484,0.0,0
2021-06-16 10:15:00+05:30,581.5,581.8499755859375,580.2000122070312,580.9500122070312,22547,0.0,0
2021-06-16 10:20:00+05:30,580.5499877929688,582.4000244140625,579.5499877929688,580.5499877929688,38300,0.0,0
2021-06-16 10:25:00+05:30,580.5499877929688,581.5,579.8499755859375,580.0499877929688,4413,0.0,0
2021-06-16 10:30:00+05:30,579.25,581.5,579.2000122070312,581.4500122070312,8995,0.0,0
2021-06-16 10:35:00+05:30,581.4500122070312,581.9000244140625,580.9500122070312,581.25,8972,0.0,0
2021-06-16 10:40:00+05:30,580.9000244140625,581.5999755859375,580.75,581.5999755859375,5445,0.0,0
2021-06-16 10:45:00+05:30,581.3499755859375,585.6500244140625,581.3499755859375,584.0,42061,0.0,0
2021-06-16 10:50:00+05:30,583.6500244140625,584.75,583.0,584.0999755859375,28018,0.0,0
2021-06-16 10:55:00+05:30,584.0999755859375,584.4000244140625,582.0,582.9000244140625,7510,0.0,0
2021-06-16 11:00:00+05:30,582.5,584.0,582.5,583.9500122070312,2808,0.0,0
2021-06-16 11:05:00+05:30,584.0499877929688,584.4500122070312,583.5,584.2999877929688,6789,0.0,0
2021-06-16 11:10:00+05:30,584.0,586.0,584.0,585.7000122070312,26984,0.0,0
2021-06-16 11:15:00+05:30,585.9500122070312,586.9500122070312,585.0499877929688,586.9500122070312,12268,0.0,0
2021-06-16 11:20:00+05:30,586.5999755859375,590.5999755859375,586.5999755859375,589.5999755859375,71996,0.0,0
2021-06-16 11:25:00+05:30,589.5999755859375,591.0499877929688,588.6500244140625,588.9500122070312,27745,0.0,0
2021-06-16 11:30:00+05:30,588.7000122070312,588.9500122070312,586.0499877929688,586.0499877929688,28782,0.0,0
2021-06-16 11:35:00+05:30,586.0499877929688,586.5,583.3499755859375,583.3499755859375,12228,0.0,0
2021-06-16 11:40:00+05:30,583.4000244140625,584.0999755859375,583.4000244140625,583.4000244140625,4869,0.0,0
2021-06-16 11:45:00+05:30,583.4000244140625,584.5,582.4500122070312,583.75,13041,0.0,0
2021-06-16 11:50:00+05:30,583.6500244140625,584.0,583.4500122070312,583.75,4170,0.0,0
2021-06-16 11:55:00+05:30,583.75,584.4000244140625,583.75,584.0,5219,0.0,0
2021-06-16 12:00:00+05:30,583.9500122070312,585.4000244140625,583.9500122070312,584.2000122070312,16377,0.0,0
2021-06-16 12:05:00+05:30,584.2999877929688,585.1500244140625,584.0499877929688,584.4500122070312,3178,0.0,0
2021-06-16 12:10:00+05:30,584.1500244140625,584.9000244140625,583.7999877929688,584.4000244140625,5516,0.0,0
2021-06-16 12:15:00+05:30,584.25,585.5,584.1500244140625,584.5,8073,0.0,0
2021-06-16 12:20:00+05:30,584.4500122070312,584.4500122070312,583.3499755859375,583.75,122826,0.0,0
2021-06-16 12:25:00+05:30,583.5999755859375,583.7000122070312,582.5499877929688,583.0,7998,0.0,0
2021-06-16 12:30:00+05:30,583.0,583.0999755859375,582.6500244140625,583.0999755859375,2556,0.0,0
2021-06-16 12:35:00+05:30,583.0,583.4000244140625,582.9500122070312,582.9500122070312,2569,0.0,0
2021-06-16 12:40:00+05:30,582.8499755859375,583.0999755859375,581.0999755859375,581.25,6251,0.0,0
2021-06-16 12:45:00+05:30,581.3499755859375,581.9000244140625,581.25,581.9000244140625,4280,0.0,0
2021-06-16 12:50:00+05:30,582.2999877929688,583.1500244140625,582.0,582.0,4419,0.0,0
2021-06-16 12:55:00+05:30,581.6500244140625,582.5499877929688,581.5,582.0999755859375,3946,0.0,0
2021-06-16 13:00:00+05:30,582.0999755859375,582.4000244140625,581.75,582.0,1305,0.0,0
2021-06-16 13:05:00+05:30,581.8499755859375,582.5,581.7999877929688,582.2999877929688,3894,0.0,0
2021-06-16 13:10:00+05:30,582.2999877929688,582.5999755859375,582.1500244140625,582.4000244140625,2154,0.0,0
2021-06-16 13:15:00+05:30,582.4000244140625,582.75,582.25,582.5999755859375,771,0.0,0
2021-06-16 13:20:00+05:30,582.5999755859375,582.9000244140625,581.7000122070312,582.9000244140625,2035,0.0,0
2021-06-16 13:25:00+05:30,582.9000244140625,582.9000244140625,581.8499755859375,582.4000244140625,3818,0.0,0
2021-06-16 13:30:00+05:30,582.0,582.3499755859375,581.5,581.75,1016,0.0,0
2021-06-16 13:35:00+05:30,581.5499877929688,582.3499755859375,581.5499877929688,581.9500122070312,3831,0.0,0
2021-06-16 13:40:00+05:30,581.8499755859375,582.1500244140625,580.4000244140625,580.7000122070312,17300,0.0,0
2021-06-16 13:45:00+05:30,580.7000122070312,582.2999877929688,580.6500244140625,582.0,5548,0.0,0
2021-06-16 13:50:00+05:30,582.0,582.3499755859375,580.8499755859375,582.0499877929688,8672,0.0,0
2021-06-16 13:55:00+05:30,582.2000122070312,582.75,581.5,581.5,18851,0.0,0
2021-06-16 14:00:00+05:30,581.5999755859375,582.0499877929688,580.9000244140625,581.75,9152,0.0,0
2021-06-16 14:05:00+05:30,582.0,582.0,580.9000244140625,581.2000122070312,4331,0.0,0
2021-06-16 14:10:00+05:30,581.5,581.7000122070312,580.8499755859375,581.25,3834,0.0,0
2021-06-16 14:15:00+05:30,581.25,581.2999877929688,579.2999877929688,580.3499755859375,10304,0.0,0
2021-06-16 14:20:00+05:30,580.4000244140625,580.5,579.0999755859375,579.7000122070312,10208,0.0,0
2021-06-16 14:25:00+05:30,579.5499877929688,579.9000244140625,578.3499755859375,579.5,23871,0.0,0
2021-06-16 14:30:00+05:30,579.5,580.9500122070312,579.5,580.2999877929688,4043,0.0,0
2021-06-16 14:35:00+05:30,580.5999755859375,580.7000122070312,579.6500244140625,580.0,7103,0.0,0
2021-06-16 14:40:00+05:30,579.75,580.0,579.6500244140625,580.0,6162,0.0,0
2021-06-16 14:45:00+05:30,580.0,581.1500244140625,579.75,580.8499755859375,110733,0.0,0
2021-06-16 14:50:00+05:30,580.7999877929688,581.75,580.25,581.0,13810,0.0,0
2021-06-16 14:55:00+05:30,581.1500244140625,581.5,580.2000122070312,580.2000122070312,6296,0.0,0
2021-06-16 15:00:00+05:30,580.4500122070312,580.5,576.4000244140625,576.4000244140625,26313,0.0,0
2021-06-16 15:05:00+05:30,576.4500122070312,578.7999877929688,575.9000244140625,578.4000244140625,26685,0.0,0
2021-06-16 15:10:00+05:30,578.25,578.7000122070312,577.1500244140625,577.5,35516,0.0,0
2021-06-16 15:15:00+05:30,577.1500244140625,578.6500244140625,577.0499877929688,577.25,36294,0.0,0
2021-06-16 15:20:00+05:30,577.25,579.1500244140625,577.0999755859375,577.9500122070312,53099,0.0,0
2021-06-16 15:25:00+05:30,577.9500122070312,579.25,577.25,577.7999877929688,35428,0.0,0
2021-06-17 09:15:00+05:30,572.9500122070312,577.0,571.8499755859375,572.6500244140625,0,0.0,0
2021-06-17 09:20:00+05:30,572.5,573.2999877929688,571.0,571.2000122070312,29538,0.0,0
2021-06-17 09:25:00+05:30,571.0,572.0499877929688,570.0,571.0,57834,0.0,0
2021-06-17 09:30:00+05:30,571.0,572.7000122070312,571.0,572.7000122070312,13555,0.0,0
2021-06-17 09:35:00+05:30,572.5999755859375,572.6500244140625,570.6500244140625,571.0,20348,0.0,0
2021-06-17 09:40:00+05:30,571.0,572.5999755859375,570.1500244140625,572.5499877929688,191847,0.0,0
2021-06-17 09:45:00+05:30,572.2999877929688,573.5,572.1500244140625,573.5,11903,0.0,0
2021-06-17 09:50:00+05:30,573.3499755859375,574.4000244140625,573.2000122070312,574.25,10288,0.0,0
2021-06-17 09:55:00+05:30,574.3499755859375,575.5,574.0,574.4000244140625,10044,0.0,0
2021-06-17 10:00:00+05:30,574.2000122070312,575.25,574.0,574.5999755859375,6717,0.0,0
2021-06-17 10:05:00+05:30,574.3499755859375,576.0999755859375,574.25,575.3499755859375,7770,0.0,0
2021-06-17 10:10:00+05:30,575.3499755859375,576.0999755859375,575.1500244140625,575.75,7540,0.0,0
2021-06-17 10:15:00+05:30,575.75,576.9500122070312,575.1500244140625,576.9500122070312,7932,0.0,0
2021-06-17 10:20:00+05:30,576.2000122070312,576.9500122070312,576.0999755859375,576.0999755859375,7399,0.0,0
2021-06-17 10:25:00+05:30,576.0499877929688,576.9000244140625,575.7999877929688,576.9000244140625,8441,0.0,0
2021-06-17 10:30:00+05:30,576.5499877929688,577.9500122070312,576.4000244140625,577.9500122070312,10250,0.0,0
2021-06-17 10:35:00+05:30,577.7999877929688,579.0999755859375,577.75,578.2999877929688,17377,0.0,0
2021-06-17 10:40:00+05:30,578.2000122070312,579.2999877929688,577.9500122070312,578.5,12790,0.0,0
2021-06-17 10:45:00+05:30,578.5,578.7000122070312,577.5,578.0,8618,0.0,0
2021-06-17 10:50:00+05:30,577.9500122070312,577.9500122070312,576.5999755859375,577.5499877929688,12822,0.0,0
2021-06-17 10:55:00+05:30,577.5,578.0,577.25,577.9000244140625,7476,0.0,0
2021-06-17 11:00:00+05:30,577.9000244140625,578.8499755859375,577.9000244140625,578.4500122070312,17175,0.0,0
2021-06-17 11:05:00+05:30,578.3499755859375,578.75,578.1500244140625,578.3499755859375,5251,0.0,0
2021-06-17 11:10:00+05:30,578.2000122070312,581.7999877929688,578.2000122070312,581.4500122070312,15031,0.0,0
2021-06-17 11:15:00+05:30,581.1500244140625,581.5,579.75,580.75,17476,0.0,0
2021-06-17 11:20:00+05:30,580.7999877929688,581.3499755859375,580.0,580.0,15288,0.0,0
2021-06-17 11:25:00+05:30,580.0,581.1500244140625,579.5499877929688,580.9000244140625,9717,0.0,0
2021-06-17 11:30:00+05:30,580.5999755859375,581.5,579.4500122070312,580.4500122070312,26237,0.0,0
2021-06-17 11:35:00+05:30,580.4500122070312,581.0,579.25,579.6500244140625,11706,0.0,0
2021-06-17 11:40:00+05:30,579.5999755859375,580.6500244140625,579.1500244140625,580.3499755859375,4627,0.0,0
2021-06-17 11:45:00+05:30,580.3499755859375,581.7999877929688,580.3499755859375,580.75,9593,0.0,0
2021-06-17 11:50:00+05:30,580.9500122070312,582.5,580.7000122070312,582.4500122070312,9206,0.0,0
2021-06-17 11:55:00+05:30,582.5499877929688,583.9500122070312,581.7000122070312,583.9500122070312,21295,0.0,0
2021-06-17 12:00:00+05:30,583.7999877929688,584.5,582.5999755859375,584.2999877929688,30128,0.0,0
2021-06-17 12:05:00+05:30,584.25,585.0,583.25,584.6500244140625,38936,0.0,0
2021-06-17 12:10:00+05:30,585.0499877929688,585.25,583.0499877929688,583.25,21524,0.0,0
2021-06-17 12:15:00+05:30,583.4000244140625,584.7999877929688,583.25,584.4500122070312,20900,0.0,0
2021-06-17 12:20:00+05:30,584.4000244140625,584.4000244140625,583.2000122070312,584.0,20640,0.0,0
2021-06-17 12:25:00+05:30,583.4000244140625,584.7000122070312,583.4000244140625,584.5,14392,0.0,0
2021-06-17 12:30:00+05:30,584.6500244140625,585.5999755859375,584.5999755859375,585.4500122070312,22230,0.0,0
2021-06-17 12:35:00+05:30,585.2999877929688,586.0,584.6500244140625,585.2000122070312,25102,0.0,0
2021-06-17 12:40:00+05:30,585.0,587.2999877929688,585.0,586.8499755859375,26741,0.0,0
2021-06-17 12:45:00+05:30,586.5999755859375,587.7999877929688,586.5999755859375,587.4500122070312,24026,0.0,0
2021-06-17 12:50:00+05:30,587.0499877929688,588.5999755859375,586.4000244140625,587.6500244140625,33181,0.0,0
2021-06-17 12:55:00+05:30,587.6500244140625,588.1500244140625,587.2999877929688,588.1500244140625,13070,0.0,0
2021-06-17 13:00:00+05:30,587.9500122070312,588.5499877929688,587.4000244140625,588.0,22264,0.0,0
2021-06-17 13:05:00+05:30,587.9500122070312,589.0,587.6500244140625,587.9000244140625,25915,0.0,0
2021-06-17 13:10:00+05:30,587.5499877929688,588.0,586.2999877929688,587.5999755859375,29590,0.0,0
2021-06-17 13:15:00+05:30,587.7999877929688,589.9500122070312,587.1500244140625,587.75,57829,0.0,0
2021-06-17 13:20:00+05:30,587.5499877929688,587.6500244140625,585.3499755859375,586.9500122070312,31656,0.0,0
2021-06-17 13:25:00+05:30,586.9500122070312,587.75,586.4000244140625,587.5999755859375,9514,0.0,0
2021-06-17 13:30:00+05:30,587.0999755859375,588.75,587.0499877929688,588.75,14325,0.0,0
2021-06-17 13:35:00+05:30,588.7000122070312,589.0,588.0999755859375,588.4500122070312,11923,0.0,0
2021-06-17 13:40:00+05:30,588.4500122070312,589.0,588.2000122070312,588.5,7696,0.0,0
2021-06-17 13:45:00+05:30,588.7999877929688,588.9500122070312,587.7000122070312,588.3499755859375,9203,0.0,0
2021-06-17 13:50:00+05:30,588.5,588.75,587.7000122070312,588.4000244140625,12850,0.0,0
2021-06-17 13:55:00+05:30,588.4000244140625,589.9500122070312,587.9500122070312,589.9000244140625,11785,0.0,0
2021-06-17 14:00:00+05:30,589.7000122070312,590.0,589.0999755859375,589.75,18639,0.0,0
2021-06-17 14:05:00+05:30,589.4500122070312,589.7999877929688,586.7000122070312,587.5499877929688,26067,0.0,0
2021-06-17 14:10:00+05:30,587.1500244140625,587.5,583.75,583.75,54087,0.0,0
2021-06-17 14:15:00+05:30,583.9500122070312,586.0,583.5499877929688,585.0499877929688,28185,0.0,0
2021-06-17 14:20:00+05:30,585.0499877929688,585.6500244140625,583.1500244140625,583.7999877929688,40956,0.0,0
2021-06-17 14:25:00+05:30,583.5,585.4000244140625,582.0999755859375,585.0,26180,0.0,0
2021-06-17 14:30:00+05:30,584.9500122070312,586.4500122070312,584.1500244140625,585.8499755859375,19501,0.0,0
2021-06-17 14:35:00+05:30,585.7999877929688,585.9000244140625,584.3499755859375,585.9000244140625,11145,0.0,0
2021-06-17 14:40:00+05:30,585.8499755859375,585.9000244140625,584.0999755859375,585.4000244140625,11696,0.0,0
2021-06-17 14:45:00+05:30,585.4000244140625,586.0,584.7000122070312,585.7000122070312,13508,0.0,0
2021-06-17 14:50:00+05:30,585.6500244140625,586.5999755859375,585.0,586.5999755859375,15634,0.0,0
2021-06-17 14:55:00+05:30,585.75,587.25,585.5,585.7999877929688,27446,0.0,0
2021-06-17 15:00:00+05:30,586.0499877929688,587.7999877929688,585.7000122070312,587.7999877929688,18695,0.0,0
2021-06-17 15:05:00+05:30,587.7999877929688,589.0,587.5,588.5999755859375,40670,0.0,0
2021-06-17 15:10:00+05:30,588.5999755859375,590.7000122070312,588.25,590.7000122070312,54877,0.0,0
2021-06-17 15:15:00+05:30,590.7000122070312,591.1500244140625,589.5499877929688,590.0499877929688,69704,0.0,0
2021-06-17 15:20:00+05:30,590.0499877929688,592.25,589.4500122070312,592.25,43149,0.0,0
2021-06-17 15:25:00+05:30,592.0,592.9500122070312,589.9000244140625,591.0499877929688,69581,0.0,0
2021-06-18 09:15:00+05:30,593.2000122070312,596.9500122070312,587.9000244140625,588.5499877929688,0,0.0,0
2021-06-18 09:20:00+05:30,588.4000244140625,588.7000122070312,585.5,585.5,57500,0.0,0
2021-06-18 09:25:00+05:30,585.9000244140625,587.8499755859375,584.0999755859375,585.5,27464,0.0,0
2021-06-18 09:30:00+05:30,585.75,586.9000244140625,583.6500244140625,586.9000244140625,34970,0.0,0
2021-06-18 09:35:00+05:30,586.75,586.75,584.0,584.9000244140625,20489,0.0,0
2021-06-18 09:40:00+05:30,584.5,584.8499755859375,583.75,584.0499877929688,11252,0.0,0
2021-06-18 09:45:00+05:30,583.7000122070312,584.0999755859375,582.4000244140625,583.2999877929688,23298,0.0,0
2021-06-18 09:50:00+05:30,583.2999877929688,583.4000244140625,580.3499755859375,581.4500122070312,23977,0.0,0
2021-06-18 09:55:00+05:30,581.2000122070312,581.7999877929688,579.0499877929688,581.25,44512,0.0,0
2021-06-18 10:00:00+05:30,581.5499877929688,584.3499755859375,580.5,583.75,20904,0.0,0
2021-06-18 10:05:00+05:30,583.75,584.2999877929688,582.0999755859375,582.4000244140625,12116,0.0,0
2021-06-18 10:10:00+05:30,582.4000244140625,585.4000244140625,582.1500244140625,585.4000244140625,13932,0.0,0
2021-06-18 10:15:00+05:30,585.4000244140625,585.7999877929688,583.1500244140625,583.5999755859375,16069,0.0,0
2021-06-18 10:20:00+05:30,583.5999755859375,584.0999755859375,583.0,583.0999755859375,5063,0.0,0
2021-06-18 10:25:00+05:30,583.0,583.0999755859375,579.5,580.0,20969,0.0,0
2021-06-18 10:30:00+05:30,579.8499755859375,580.8499755859375,577.6500244140625,578.3499755859375,23878,0.0,0
2021-06-18 10:35:00+05:30,578.9000244140625,579.9500122070312,578.5,579.5,8134,0.0,0
2021-06-18 10:40:00+05:30,579.1500244140625,580.2000122070312,578.0,580.1500244140625,11589,0.0,0
2021-06-18 10:45:00+05:30,579.9000244140625,580.5,577.75,578.0,7355,0.0,0
2021-06-18 10:50:00+05:30,578.0,578.2999877929688,576.5999755859375,577.5,18148,0.0,0
2021-06-18 10:55:00+05:30,577.5,578.6500244140625,576.25,577.4500122070312,38017,0.0,0
2021-06-18 11:00:00+05:30,577.7000122070312,584.8499755859375,577.2000122070312,580.5,37713,0.0,0
2021-06-18 11:05:00+05:30,580.7999877929688,583.5499877929688,579.5499877929688,583.0999755859375,29596,0.0,0
2021-06-18 11:10:00+05:30,582.75,584.1500244140625,580.0499877929688,580.0499877929688,65891,0.0,0
2021-06-18 11:15:00+05:30,580.0999755859375,584.5999755859375,579.7000122070312,583.4000244140625,84523,0.0,0
2021-06-18 11:20:00+05:30,583.6500244140625,583.9000244140625,580.4500122070312,583.0,54535,0.0,0
2021-06-18 11:25:00+05:30,583.0,584.0,581.8499755859375,583.0,22135,0.0,0
2021-06-18 11:30:00+05:30,583.0999755859375,585.9500122070312,583.0999755859375,584.0999755859375,46474,0.0,0
2021-06-18 11:35:00+05:30,584.4000244140625,584.5,583.1500244140625,583.7999877929688,28576,0.0,0
2021-06-18 11:40:00+05:30,583.5499877929688,585.9500122070312,582.5999755859375,584.9000244140625,35920,0.0,0
2021-06-18 11:45:00+05:30,584.8499755859375,585.2000122070312,584.0499877929688,585.1500244140625,12668,0.0,0
2021-06-18 11:50:00+05:30,585.25,586.2999877929688,584.9000244140625,585.5,42916,0.0,0
2021-06-18 11:55:00+05:30,585.25,587.3499755859375,585.0,587.0,33326,0.0,0
2021-06-18 12:00:00+05:30,586.9000244140625,588.25,586.4500122070312,587.4000244140625,34411,0.0,0
2021-06-18 12:05:00+05:30,587.2000122070312,587.7000122070312,586.1500244140625,587.0,20123,0.0,0
2021-06-18 12:10:00+05:30,587.0499877929688,587.5,585.4500122070312,587.0499877929688,14617,0.0,0
2021-06-18 12:15:00+05:30,587.0,587.5,586.5999755859375,586.75,4800,0.0,0
2021-06-18 12:20:00+05:30,587.25,587.4500122070312,586.5999755859375,587.4500122070312,2971,0.0,0
2021-06-18 12:25:00+05:30,587.4500122070312,587.4500122070312,585.75,586.5499877929688,9933,0.0,0
2021-06-18 12:30:00+05:30,586.5,586.5,584.9000244140625,585.7000122070312,13658,0.0,0
2021-06-18 12:35:00+05:30,585.2999877929688,585.9500122070312,585.0499877929688,585.8499755859375,4787,0.0,0
2021-06-18 12:40:00+05:30,585.7999877929688,586.7999877929688,585.3499755859375,586.0499877929688,5605,0.0,0
2021-06-18 12:45:00+05:30,586.0499877929688,587.0,585.7999877929688,586.6500244140625,4383,0.0,0
2021-06-18 12:50:00+05:30,586.3499755859375,587.1500244140625,586.2999877929688,586.9500122070312,3590,0.0,0
2021-06-18 12:55:00+05:30,586.5,586.9000244140625,585.4500122070312,586.0999755859375,9100,0.0,0
2021-06-18 13:00:00+05:30,585.75,586.1500244140625,585.0999755859375,586.1500244140625,5521,0.0,0
2021-06-18 13:05:00+05:30,586.0,586.0,584.4500122070312,584.5,11170,0.0,0
2021-06-18 13:10:00+05:30,584.7999877929688,585.9500122070312,584.5,585.0499877929688,4820,0.0,0
2021-06-18 13:15:00+05:30,584.75,585.9500122070312,584.5999755859375,585.0499877929688,5560,0.0,0
2021-06-18 13:20:00+05:30,585.0499877929688,585.5499877929688,584.9000244140625,585.5,2662,0.0,0
2021-06-18 13:25:00+05:30,585.5499877929688,585.9500122070312,583.5999755859375,584.0,9668,0.0,0
2021-06-18 13:30:00+05:30,584.0,584.4000244140625,583.0,583.0999755859375,5127,0.0,0
2021-06-18 13:35:00+05:30,583.1500244140625,584.2000122070312,583.1500244140625,583.9500122070312,5600,0.0,0
2021-06-18 13:40:00+05:30,583.9500122070312,586.4500122070312,583.9500122070312,586.4500122070312,9887,0.0,0
2021-06-18 13:45:00+05:30,586.5,587.0,586.1500244140625,586.25,7445,0.0,0
2021-06-18 13:50:00+05:30,586.0999755859375,586.8499755859375,585.5999755859375,585.7000122070312,5096,0.0,0
2021-06-18 13:55:00+05:30,586.3499755859375,588.8499755859375,585.9500122070312,588.6500244140625,14759,0.0,0
2021-06-18 14:00:00+05:30,588.6500244140625,588.6500244140625,584.5499877929688,584.7000122070312,25933,0.0,0
2021-06-18 14:05:00+05:30,585.0,585.3499755859375,582.0,582.1500244140625,19799,0.0,0
2021-06-18 14:10:00+05:30,582.1500244140625,583.3499755859375,582.0499877929688,582.2999877929688,28889,0.0,0
2021-06-18 14:15:00+05:30,582.0999755859375,582.5,581.4000244140625,582.4000244140625,19423,0.0,0
2021-06-18 14:20:00+05:30,582.2999877929688,582.4000244140625,581.0,581.0,19158,0.0,0
2021-06-18 14:25:00+05:30,581.0,582.5,579.5999755859375,582.1500244140625,20537,0.0,0
2021-06-18 14:30:00+05:30,582.5,584.4000244140625,582.2000122070312,584.2999877929688,16456,0.0,0
2021-06-18 14:35:00+05:30,584.5,585.75,583.2999877929688,583.7000122070312,19016,0.0,0
2021-06-18 14:40:00+05:30,583.5,584.9500122070312,583.0,584.9500122070312,19288,0.0,0
2021-06-18 14:45:00+05:30,584.7000122070312,584.9000244140625,581.2999877929688,581.2999877929688,22937,0.0,0
2021-06-18 14:50:00+05:30,581.2999877929688,582.75,581.2999877929688,582.0999755859375,14940,0.0,0
2021-06-18 14:55:00+05:30,582.0499877929688,584.75,581.2999877929688,583.75,15241,0.0,0
2021-06-18 15:00:00+05:30,583.75,584.1500244140625,579.25,580.0,85211,0.0,0
2021-06-18 15:05:00+05:30,579.7999877929688,580.0,578.2999877929688,579.3499755859375,74746,0.0,0
2021-06-18 15:10:00+05:30,579.4000244140625,580.1500244140625,578.4500122070312,578.5499877929688,96752,0.0,0
2021-06-18 15:15:00+05:30,578.5499877929688,582.3499755859375,578.25,579.9000244140625,113303,0.0,0
2021-06-18 15:20:00+05:30,580.0,581.0999755859375,579.4500122070312,581.0,93499,0.0,0
2021-06-18 15:25:00+05:30,580.5,582.0,579.2000122070312,580.0,94009,0.0,0
2021-06-21 09:15:00+05:30,573.75,577.0999755859375,573.5,575.2999877929688,0,0.0,0
2021-06-21 09:20:00+05:30,575.4000244140625,579.0999755859375,574.2000122070312,577.3499755859375,27822,0.0,0
2021-06-21 09:25:00+05:30,577.8499755859375,580.0,576.0999755859375,579.7000122070312,20950,0.0,0
2021-06-21 09:30:00+05:30,580.0,582.2000122070312,578.0499877929688,579.5499877929688,27675,0.0,0
2021-06-21 09:35:00+05:30,579.5499877929688,582.5,578.5,582.0999755859375,52860,0.0,0
2021-06-21 09:40:00+05:30,582.25,582.25,580.0,580.25,13028,0.0,0
2021-06-21 09:45:00+05:30,580.2000122070312,583.25,580.0,580.8499755859375,29318,0.0,0
2021-06-21 09:50:00+05:30,580.5499877929688,580.7000122070312,579.7999877929688,580.0,36833,0.0,0
2021-06-21 09:55:00+05:30,580.0,581.5,580.0,580.9500122070312,8806,0.0,0
2021-06-21 10:00:00+05:30,580.9500122070312,581.25,580.0,580.0,9453,0.0,0
2021-06-21 10:05:00+05:30,580.0499877929688,581.7000122070312,579.9000244140625,581.5499877929688,9006,0.0,0
2021-06-21 10:10:00+05:30,581.7000122070312,581.9500122070312,580.7999877929688,581.25,3561,0.0,0
2021-06-21 10:15:00+05:30,581.0,581.2999877929688,580.2999877929688,580.6500244140625,2676,0.0,0
2021-06-21 10:20:00+05:30,580.5499877929688,580.9500122070312,580.0,580.2000122070312,4519,0.0,0
2021-06-21 10:25:00+05:30,580.25,581.9000244140625,580.1500244140625,580.8499755859375,5376,0.0,0
2021-06-21 10:30:00+05:30,580.9500122070312,581.5499877929688,580.5499877929688,581.2000122070312,4553,0.0,0
2021-06-21 10:35:00+05:30,581.2000122070312,581.3499755859375,579.8499755859375,580.25,12790,0.0,0
2021-06-21 10:40:00+05:30,580.25,581.0,580.0,580.5499877929688,5485,0.0,0
2021-06-21 10:45:00+05:30,580.5999755859375,581.5999755859375,580.2000122070312,580.2000122070312,4883,0.0,0
2021-06-21 10:50:00+05:30,580.25,581.0,580.0499877929688,580.4500122070312,5375,0.0,0
2021-06-21 10:55:00+05:30,580.9000244140625,584.0,580.0,582.0,56889,0.0,0
2021-06-21 11:00:00+05:30,582.0999755859375,584.75,581.0,584.5999755859375,86195,0.0,0
2021-06-21 11:05:00+05:30,584.75,585.0,583.1500244140625,583.4000244140625,16385,0.0,0
2021-06-21 11:10:00+05:30,583.5,584.2999877929688,581.8499755859375,582.0499877929688,30308,0.0,0
2021-06-21 11:15:00+05:30,582.0499877929688,582.0499877929688,580.0,581.2999877929688,11790,0.0,0
2021-06-21 11:20:00+05:30,581.2999877929688,581.5499877929688,580.25,580.7999877929688,5416,0.0,0
2021-06-21 11:25:00+05:30,580.7000122070312,580.75,580.0,580.0999755859375,7781,0.0,0
2021-06-21 11:30:00+05:30,579.9000244140625,580.5,579.9000244140625,580.0999755859375,3843,0.0,0
2021-06-21 11:35:00+05:30,580.0999755859375,581.9000244140625,580.0999755859375,581.4000244140625,4741,0.0,0
2021-06-21 11:40:00+05:30,581.7000122070312,581.8499755859375,578.7999877929688,580.2999877929688,32615,0.0,0
2021-06-21 11:45:00+05:30,580.0,580.3499755859375,577.0,577.0499877929688,35856,0.0,0
2021-06-21 11:50:00+05:30,577.0499877929688,577.9500122070312,576.75,576.75,13360,0.0,0
2021-06-21 11:55:00+05:30,576.7000122070312,577.1500244140625,576.25,576.4000244140625,7296,0.0,0
2021-06-21 12:00:00+05:30,576.5999755859375,577.0,576.0999755859375,576.4500122070312,3405,0.0,0
2021-06-21 12:05:00+05:30,576.4000244140625,577.1500244140625,576.1500244140625,576.5999755859375,5118,0.0,0
2021-06-21 12:10:00+05:30,576.6500244140625,577.0,576.5499877929688,576.9500122070312,2355,0.0,0
2021-06-21 12:15:00+05:30,576.9500122070312,577.1500244140625,575.5999755859375,575.6500244140625,8511,0.0,0
2021-06-21 12:20:00+05:30,575.7000122070312,576.3499755859375,574.8499755859375,575.9500122070312,27217,0.0,0
2021-06-21 12:25:00+05:30,576.0,576.5499877929688,575.3499755859375,575.9500122070312,4091,0.0,0
2021-06-21 12:30:00+05:30,576.4000244140625,576.7999877929688,576.0,576.4500122070312,2416,0.0,0
2021-06-21 12:35:00+05:30,576.5999755859375,576.5999755859375,574.4500122070312,575.0,298538,0.0,0
2021-06-21 12:40:00+05:30,574.75,576.7000122070312,574.75,576.4000244140625,9193,0.0,0
2021-06-21 12:45:00+05:30,576.0,577.75,576.0,577.75,5813,0.0,0
2021-06-21 12:50:00+05:30,577.3499755859375,577.3499755859375,576.5499877929688,576.6500244140625,3379,0.0,0
2021-06-21 12:55:00+05:30,577.0,578.0,576.5499877929688,577.7000122070312,3397,0.0,0
2021-06-21 13:00:00+05:30,577.5,578.4000244140625,577.0,578.3499755859375,16347,0.0,0
2021-06-21 13:05:00+05:30,578.3499755859375,578.5,577.4500122070312,578.2999877929688,7091,0.0,0
2021-06-21 13:10:00+05:30,578.2999877929688,578.6500244140625,577.5,577.8499755859375,3188,0.0,0
2021-06-21 13:15:00+05:30,577.5,578.5999755859375,576.9000244140625,578.4000244140625,8426,0.0,0
2021-06-21 13:20:00+05:30,578.4000244140625,578.4000244140625,577.9500122070312,578.0999755859375,5851,0.0,0
2021-06-21 13:25:00+05:30,578.25,578.4000244140625,576.9000244140625,577.3499755859375,6143,0.0,0
2021-06-21 13:30:00+05:30,577.3499755859375,578.0,577.0999755859375,577.7999877929688,1858,0.0,0
2021-06-21 13:35:00+05:30,577.2999877929688,577.9000244140625,576.9000244140625,577.5999755859375,2649,0.0,0
2021-06-21 13:40:00+05:30,577.8499755859375,578.3499755859375,577.5999755859375,578.2999877929688,9499,0.0,0
2021-06-21 13:45:00+05:30,578.2999877929688,578.2999877929688,576.0,576.1500244140625,6720,0.0,0
2021-06-21 13:50:00+05:30,576.0499877929688,577.2000122070312,574.9000244140625,576.5499877929688,310668,0.0,0
2021-06-21 13:55:00+05:30,576.5499877929688,577.5,574.6500244140625,574.75,30425,0.0,0
2021-06-21 14:00:00+05:30,574.75,576.0,574.75,576.0,20005,0.0,0
2021-06-21 14:05:00+05:30,575.5999755859375,577.5,575.3499755859375,577.5,31087,0.0,0
2021-06-21 14:10:00+05:30,577.0999755859375,578.3499755859375,576.0499877929688,576.5999755859375,26332,0.0,0
2021-06-21 14:15:00+05:30,576.2000122070312,576.9000244140625,575.5499877929688,575.7999877929688,17322,0.0,0
2021-06-21 14:20:00+05:30,575.5,576.0,575.0,575.9000244140625,19018,0.0,0
2021-06-21 14:25:00+05:30,575.5499877929688,576.1500244140625,575.0,575.3499755859375,18194,0.0,0
2021-06-21 14:30:00+05:30,575.0,577.7999877929688,575.0,576.8499755859375,28209,0.0,0
2021-06-21 14:35:00+05:30,576.5499877929688,577.3499755859375,576.0499877929688,576.7000122070312,21008,0.0,0
2021-06-21 14:40:00+05:30,577.1500244140625,577.3499755859375,575.8499755859375,576.5499877929688,25660,0.0,0
2021-06-21 14:45:00+05:30,576.9500122070312,577.8499755859375,576.0499877929688,576.5,33639,0.0,0
2021-06-21 14:50:00+05:30,576.9500122070312,578.7999877929688,576.5499877929688,578.6500244140625,32756,0.0,0
2021-06-21 14:55:00+05:30,578.0,578.5,576.4500122070312,576.5,28409,0.0,0
2021-06-21 15:00:00+05:30,577.0,577.7999877929688,575.4500122070312,577.1500244140625,35465,0.0,0
2021-06-21 15:05:00+05:30,577.5,579.6500244140625,576.9000244140625,579.1500244140625,40058,0.0,0
2021-06-21 15:10:00+05:30,579.1500244140625,580.75,579.1500244140625,580.2000122070312,45113,0.0,0
2021-06-21 15:15:00+05:30,580.0,580.8499755859375,579.4500122070312,580.1500244140625,53677,0.0,0
2021-06-21 15:20:00+05:30,579.8499755859375,580.9500122070312,579.5499877929688,580.5,47144,0.0,0
2021-06-21 15:25:00+05:30,580.5,581.5,579.1500244140625,579.2999877929688,45821,0.0,0
2021-06-22 09:15:00+05:30,582.5,585.5,578.0999755859375,584.9000244140625,0,0.0,0
2021-06-22 09:20:00+05:30,584.9500122070312,587.1500244140625,584.9500122070312,586.3499755859375,28140,0.0,0
2021-06-22 09:25:00+05:30,585.9000244140625,588.5,585.9000244140625,588.1500244140625,21455,0.0,0
2021-06-22 09:30:00+05:30,587.9500122070312,590.1500244140625,586.4000244140625,589.9000244140625,70200,0.0,0
2021-06-22 09:35:00+05:30,590.1500244140625,592.0999755859375,589.1500244140625,591.2000122070312,63952,0.0,0
2021-06-22 09:40:00+05:30,590.75,591.0,586.6500244140625,588.75,60800,0.0,0
2021-06-22 09:45:00+05:30,589.0,589.1500244140625,587.0999755859375,588.0,20049,0.0,0
2021-06-22 09:50:00+05:30,588.0,589.0,587.75,588.9500122070312,19562,0.0,0
2021-06-22 09:55:00+05:30,588.9500122070312,589.1500244140625,588.0,588.9500122070312,23703,0.0,0
2021-06-22 10:00:00+05:30,588.9500122070312,589.7999877929688,588.1500244140625,589.7999877929688,20143,0.0,0
2021-06-22 10:05:00+05:30,589.75,592.2000122070312,589.5499877929688,591.4500122070312,62179,0.0,0
2021-06-22 10:10:00+05:30,591.4500122070312,592.9000244140625,590.4000244140625,592.7000122070312,47521,0.0,0
2021-06-22 10:15:00+05:30,592.7999877929688,593.0,590.8499755859375,590.8499755859375,50994,0.0,0
2021-06-22 10:20:00+05:30,591.0,591.7000122070312,590.7000122070312,591.0,26647,0.0,0
2021-06-22 10:25:00+05:30,591.0,592.0,590.3499755859375,591.9000244140625,25049,0.0,0
2021-06-22 10:30:00+05:30,591.5499877929688,592.9000244140625,591.4000244140625,592.5499877929688,31411,0.0,0
2021-06-22 10:35:00+05:30,593.0,594.0999755859375,592.1500244140625,593.9500122070312,60776,0.0,0
2021-06-22 10:40:00+05:30,593.9000244140625,593.9500122070312,592.5999755859375,593.5,28144,0.0,0
2021-06-22 10:45:00+05:30,593.5,593.9500122070312,592.1500244140625,592.5,33566,0.0,0
2021-06-22 10:50:00+05:30,592.7999877929688,593.4000244140625,591.6500244140625,591.6500244140625,28229,0.0,0
2021-06-22 10:55:00+05:30,591.6500244140625,592.5,591.3499755859375,591.9000244140625,38186,0.0,0
2021-06-22 11:00:00+05:30,592.0,592.1500244140625,590.0499877929688,592.0,41130,0.0,0
2021-06-22 11:05:00+05:30,592.0,593.4000244140625,591.5499877929688,593.2999877929688,26483,0.0,0
2021-06-22 11:10:00+05:30,593.2999877929688,593.5499877929688,592.8499755859375,593.4000244140625,18795,0.0,0
2021-06-22 11:15:00+05:30,593.4000244140625,595.25,593.25,595.2000122070312,62628,0.0,0
2021-06-22 11:20:00+05:30,595.25,597.0,593.5999755859375,596.7000122070312,110218,0.0,0
2021-06-22 11:25:00+05:30,596.7000122070312,598.3499755859375,596.0,596.7000122070312,107997,0.0,0
2021-06-22 11:30:00+05:30,596.7000122070312,598.25,596.7000122070312,597.7000122070312,47704,0.0,0
2021-06-22 11:35:00+05:30,597.7000122070312,600.9500122070312,597.5499877929688,600.2999877929688,176272,0.0,0
2021-06-22 11:40:00+05:30,600.9500122070312,601.0,599.1500244140625,600.0,125880,0.0,0
2021-06-22 11:45:00+05:30,600.0,602.3499755859375,599.7999877929688,602.0499877929688,85861,0.0,0
2021-06-22 11:50:00+05:30,602.3499755859375,604.0,601.9500122070312,603.5499877929688,147916,0.0,0
2021-06-22 11:55:00+05:30,603.8499755859375,604.75,602.0,602.7999877929688,126369,0.0,0
2021-06-22 12:00:00+05:30,602.7999877929688,604.7000122070312,602.75,603.2999877929688,57568,0.0,0
2021-06-22 12:05:00+05:30,603.5499877929688,604.2000122070312,602.0499877929688,603.3499755859375,49960,0.0,0
2021-06-22 12:10:00+05:30,603.3499755859375,604.75,603.0,604.5999755859375,43785,0.0,0
2021-06-22 12:15:00+05:30,604.5,604.5,602.5999755859375,602.5999755859375,30169,0.0,0
2021-06-22 12:20:00+05:30,602.5999755859375,603.0,599.2999877929688,600.5499877929688,104145,0.0,0
2021-06-22 12:25:00+05:30,600.1500244140625,600.8499755859375,598.1500244140625,600.0499877929688,62294,0.0,0
2021-06-22 12:30:00+05:30,600.4500122070312,601.7999877929688,600.0,601.5499877929688,24590,0.0,0
2021-06-22 12:35:00+05:30,601.5499877929688,602.7999877929688,600.9500122070312,600.9500122070312,28499,0.0,0
2021-06-22 12:40:00+05:30,600.6500244140625,601.4500122070312,600.0999755859375,600.7000122070312,14808,0.0,0
2021-06-22 12:45:00+05:30,601.0,601.0,599.5,600.7999877929688,26116,0.0,0
2021-06-22 12:50:00+05:30,600.7999877929688,601.0,600.1500244140625,600.9000244140625,15571,0.0,0
2021-06-22 12:55:00+05:30,600.9000244140625,601.0,600.0999755859375,600.4500122070312,14397,0.0,0
2021-06-22 13:00:00+05:30,600.4500122070312,601.4000244140625,600.2000122070312,600.75,22571,0.0,0
2021-06-22 13:05:00+05:30,601.0,601.4500122070312,600.2999877929688,601.0,23435,0.0,0
2021-06-22 13:10:00+05:30,601.0,601.5499877929688,600.6500244140625,601.4000244140625,17991,0.0,0
2021-06-22 13:15:00+05:30,601.4000244140625,602.5,601.0499877929688,601.2999877929688,36101,0.0,0
2021-06-22 13:20:00+05:30,601.4000244140625,601.5,599.8499755859375,600.2999877929688,29056,0.0,0
2021-06-22 13:25:00+05:30,600.0999755859375,601.2000122070312,599.6500244140625,601.0,23780,0.0,0
2021-06-22 13:30:00+05:30,600.7999877929688,602.75,600.7999877929688,601.4000244140625,25398,0.0,0
2021-06-22 13:35:00+05:30,601.7000122070312,601.9000244140625,601.1500244140625,601.25,14099,0.0,0
2021-06-22 13:40:00+05:30,601.25,601.7000122070312,600.75,601.4500122070312,14516,0.0,0
2021-06-22 13:45:00+05:30,601.5,603.5,601.1500244140625,603.2000122070312,33728,0.0,0
2021-06-22 13:50:00+05:30,603.4000244140625,603.4000244140625,602.1500244140625,602.5,32288,0.0,0
2021-06-22 13:55:00+05:30,602.0999755859375,603.7999877929688,602.0999755859375,603.3499755859375,25220,0.0,0
2021-06-22 14:00:00+05:30,603.25,604.7000122070312,601.6500244140625,604.1500244140625,69823,0.0,0
2021-06-22 14:05:00+05:30,604.2999877929688,604.2999877929688,602.25,603.9000244140625,47143,0.0,0
2021-06-22 14:10:00+05:30,604.0,604.0999755859375,603.1500244140625,603.2999877929688,38666,0.0,0
2021-06-22 14:15:00+05:30,603.2999877929688,603.9000244140625,602.5499877929688,603.3499755859375,46105,0.0,0
2021-06-22 14:20:00+05:30,603.0999755859375,603.6500244140625,603.0499877929688,603.5,18617,0.0,0
2021-06-22 14:25:00+05:30,603.5499877929688,606.8499755859375,603.5,606.5,98783,0.0,0
2021-06-22 14:30:00+05:30,606.5,607.3499755859375,606.0,607.0,74685,0.0,0
2021-06-22 14:35:00+05:30,607.0,607.0,605.5499877929688,606.3499755859375,40426,0.0,0
2021-06-22 14:40:00+05:30,606.5,607.0999755859375,606.0999755859375,606.5,38868,0.0,0
2021-06-22 14:45:00+05:30,606.5,606.5999755859375,606.0999755859375,606.2999877929688,39564,0.0,0
2021-06-22 14:50:00+05:30,605.5499877929688,605.5999755859375,604.5,605.4000244140625,52232,0.0,0
2021-06-22 14:55:00+05:30,605.4000244140625,606.4500122070312,605.0,605.4000244140625,45109,0.0,0
2021-06-22 15:00:00+05:30,605.4500122070312,605.7999877929688,601.5999755859375,601.7999877929688,101654,0.0,0
2021-06-22 15:05:00+05:30,601.6500244140625,603.0999755859375,601.0499877929688,601.25,74625,0.0,0
2021-06-22 15:10:00+05:30,601.0999755859375,603.5499877929688,601.0999755859375,602.8499755859375,54609,0.0,0
2021-06-22 15:15:00+05:30,602.5499877929688,603.3499755859375,601.1500244140625,602.0,72517,0.0,0
2021-06-22 15:20:00+05:30,601.8499755859375,603.0999755859375,601.2999877929688,602.75,66739,0.0,0
2021-06-22 15:25:00+05:30,602.5999755859375,603.3499755859375,601.3499755859375,602.4500122070312,58209,0.0,0
